Protein_1,Protein_2,LIS,LIA,ipTM,Confidence,pTM,pLDDT,Model,Recycle,saved folder,pdb,pkl
A,B,0.696,12802,0.968,0.888,0.571,60.07,4,4,/projects/ilfgrid/data/Interspecies_GPCR_pipeline/3_models/AF-2.3.1/AF_model_StructuralBenchmark/structural_benchmark_2021-09-30/8HCQ,unrelaxed_model_4_multimer_v3_pred_4.pdb,result_model_4_multimer_v3_pred_4.pkl
A,B,0.683,12711,0.966,0.888,0.576,60.56,4,3,/projects/ilfgrid/data/Interspecies_GPCR_pipeline/3_models/AF-2.3.1/AF_model_StructuralBenchmark_no_templates/structural_benchmark_2021-09-30/8HCQ,unrelaxed_model_4_multimer_v3_pred_3.pdb,result_model_4_multimer_v3_pred_3.pkl
A,B,0.645,4691,0.951,0.893,0.662,69.52,2,2,/projects/ilfgrid/data/Interspecies_GPCR_pipeline/3_models/AF-2.3.1/AF_model_StructuralBenchmark_no_templates/structural_benchmark_2021-09-30/7RYC,unrelaxed_model_2_multimer_v3_pred_2.pdb,result_model_2_multimer_v3_pred_2.pkl
A,B,0.636,6836,0.929,0.881,0.689,70.93,4,3,/projects/ilfgrid/data/Interspecies_GPCR_pipeline/3_models/AF-2.3.1/AF_model_StructuralBenchmark/structural_benchmark_2021-09-30/7T10,unrelaxed_model_4_multimer_v3_pred_3.pdb,result_model_4_multimer_v3_pred_3.pkl
A,B,0.63,38943,0.838,0.838,0.839,85.7,3,3,/projects/ilfgrid/data/Interspecies_GPCR_pipeline/3_models/AF-2.3.1/AF_model_StructuralBenchmark/structural_benchmark_2021-09-30/7VL9,unrelaxed_model_3_multimer_v3_pred_3.pdb,result_model_3_multimer_v3_pred_3.pkl
A,B,0.613,19519,0.914,0.887,0.78,81.49,5,2,/projects/ilfgrid/data/Interspecies_GPCR_pipeline/3_models/AF-2.3.1/AF_model_StructuralBenchmark_no_templates/structural_benchmark_2021-09-30/7YOO,unrelaxed_model_5_multimer_v3_pred_2.pdb,result_model_5_multimer_v3_pred_2.pkl
A,B,0.611,18829,0.919,0.891,0.781,83.05,4,4,/projects/ilfgrid/data/Interspecies_GPCR_pipeline/3_models/AF-2.3.1/AF_model_StructuralBenchmark_no_templates/structural_benchmark_2021-09-30/7YON,unrelaxed_model_4_multimer_v3_pred_4.pdb,result_model_4_multimer_v3_pred_4.pkl
A,B,0.609,38411,0.837,0.835,0.827,84.6,3,4,/projects/ilfgrid/data/Interspecies_GPCR_pipeline/3_models/AF-2.3.1/AF_model_StructuralBenchmark_no_templates/structural_benchmark_2021-09-30/7VL9,unrelaxed_model_3_multimer_v3_pred_4.pdb,result_model_3_multimer_v3_pred_4.pkl
A,B,0.605,4665,0.936,0.884,0.677,70.06,5,1,/projects/ilfgrid/data/Interspecies_GPCR_pipeline/3_models/AF-2.3.1/AF_model_StructuralBenchmark/structural_benchmark_2021-09-30/7RYC,unrelaxed_model_5_multimer_v3_pred_1.pdb,result_model_5_multimer_v3_pred_1.pkl
A,B,0.602,43831,0.893,0.894,0.899,90.58,2,2,/projects/ilfgrid/data/Interspecies_GPCR_pipeline/3_models/AF-2.3.1/AF_model_StructuralBenchmark/structural_benchmark_2021-09-30/7Y64,unrelaxed_model_2_multimer_v3_pred_2.pdb,result_model_2_multimer_v3_pred_2.pkl
A,B,0.6,19490,0.906,0.88,0.776,80.98,5,3,/projects/ilfgrid/data/Interspecies_GPCR_pipeline/3_models/AF-2.3.1/AF_model_StructuralBenchmark/structural_benchmark_2021-09-30/7YOO,unrelaxed_model_5_multimer_v3_pred_3.pdb,result_model_5_multimer_v3_pred_3.pkl
A,B,0.598,5629,0.94,0.902,0.749,77.62,4,2,/projects/ilfgrid/data/Interspecies_GPCR_pipeline/3_models/AF-2.3.1/AF_model_StructuralBenchmark/structural_benchmark_2021-09-30/8H0P,unrelaxed_model_4_multimer_v3_pred_2.pdb,result_model_4_multimer_v3_pred_2.pkl
A,B,0.597,9510,0.704,0.705,0.707,72.41,2,2,/projects/ilfgrid/data/Interspecies_GPCR_pipeline/3_models/AF-2.3.1/AF_model_StructuralBenchmark/structural_benchmark_2021-09-30/7WQ4,unrelaxed_model_2_multimer_v3_pred_2.pdb,result_model_2_multimer_v3_pred_2.pkl
A,B,0.594,18869,0.908,0.882,0.78,82.64,4,4,/projects/ilfgrid/data/Interspecies_GPCR_pipeline/3_models/AF-2.3.1/AF_model_StructuralBenchmark/structural_benchmark_2021-09-30/7YON,unrelaxed_model_4_multimer_v3_pred_4.pdb,result_model_4_multimer_v3_pred_4.pkl
A,B,0.594,43263,0.896,0.894,0.884,89.28,2,0,/projects/ilfgrid/data/Interspecies_GPCR_pipeline/3_models/AF-2.3.1/AF_model_StructuralBenchmark_no_templates/structural_benchmark_2021-09-30/7Y64,unrelaxed_model_2_multimer_v3_pred_0.pdb,result_model_2_multimer_v3_pred_0.pkl
A,B,0.591,9475,0.699,0.704,0.72,74.27,2,0,/projects/ilfgrid/data/Interspecies_GPCR_pipeline/3_models/AF-2.3.1/AF_model_StructuralBenchmark_no_templates/structural_benchmark_2021-09-30/7WQ4,unrelaxed_model_2_multimer_v3_pred_0.pdb,result_model_2_multimer_v3_pred_0.pkl
A,B,0.589,24769,0.904,0.88,0.785,81.4,3,2,/projects/ilfgrid/data/Interspecies_GPCR_pipeline/3_models/AF-2.3.1/AF_model_StructuralBenchmark/structural_benchmark_2021-09-30/7RBT,unrelaxed_model_3_multimer_v3_pred_2.pdb,result_model_3_multimer_v3_pred_2.pkl
A,B,0.586,7137,0.915,0.871,0.696,73.04,5,3,/projects/ilfgrid/data/Interspecies_GPCR_pipeline/3_models/AF-2.3.1/AF_model_StructuralBenchmark_no_templates/structural_benchmark_2021-09-30/7T10,unrelaxed_model_5_multimer_v3_pred_3.pdb,result_model_5_multimer_v3_pred_3.pkl
A,B,0.585,10581,0.75,0.757,0.785,79.8,4,1,/projects/ilfgrid/data/Interspecies_GPCR_pipeline/3_models/AF-2.3.1/AF_model_StructuralBenchmark_no_templates/structural_benchmark_2021-09-30/7WQ3,unrelaxed_model_4_multimer_v3_pred_1.pdb,result_model_4_multimer_v3_pred_1.pkl
A,B,0.576,11238,0.777,0.778,0.785,80.67,4,0,/projects/ilfgrid/data/Interspecies_GPCR_pipeline/3_models/AF-2.3.1/AF_model_StructuralBenchmark/structural_benchmark_2021-09-30/7WQ3,unrelaxed_model_4_multimer_v3_pred_0.pdb,result_model_4_multimer_v3_pred_0.pkl
A,B,0.569,12048,0.937,0.851,0.507,62.02,4,1,/projects/ilfgrid/data/Interspecies_GPCR_pipeline/3_models/AF-2.3.1/AF_model_StructuralBenchmark/structural_benchmark_2021-09-30/8IBV,unrelaxed_model_4_multimer_v3_pred_1.pdb,result_model_4_multimer_v3_pred_1.pkl
A,B,0.569,5520,0.93,0.893,0.747,77.68,4,2,/projects/ilfgrid/data/Interspecies_GPCR_pipeline/3_models/AF-2.3.1/AF_model_StructuralBenchmark_no_templates/structural_benchmark_2021-09-30/8H0P,unrelaxed_model_4_multimer_v3_pred_2.pdb,result_model_4_multimer_v3_pred_2.pkl
A,B,0.563,38226,0.906,0.889,0.821,83.31,5,4,/projects/ilfgrid/data/Interspecies_GPCR_pipeline/3_models/AF-2.3.1/AF_model_StructuralBenchmark/structural_benchmark_2021-09-30/7XA3,unrelaxed_model_5_multimer_v3_pred_4.pdb,result_model_5_multimer_v3_pred_4.pkl
A,B,0.556,19366,0.886,0.859,0.751,78.06,2,2,/projects/ilfgrid/data/Interspecies_GPCR_pipeline/3_models/AF-2.3.1/AF_model_StructuralBenchmark/structural_benchmark_2021-09-30/7VGX,unrelaxed_model_2_multimer_v3_pred_2.pdb,result_model_2_multimer_v3_pred_2.pkl
A,B,0.554,18115,0.889,0.856,0.724,75.35,3,1,/projects/ilfgrid/data/Interspecies_GPCR_pipeline/3_models/AF-2.3.1/AF_model_StructuralBenchmark_no_templates/structural_benchmark_2021-09-30/7VGX,unrelaxed_model_3_multimer_v3_pred_1.pdb,result_model_3_multimer_v3_pred_1.pkl
A,B,0.553,17100,0.919,0.856,0.605,68.89,3,2,/projects/ilfgrid/data/Interspecies_GPCR_pipeline/3_models/AF-2.3.1/AF_model_StructuralBenchmark/structural_benchmark_2021-09-30/7VQX,unrelaxed_model_3_multimer_v3_pred_2.pdb,result_model_3_multimer_v3_pred_2.pkl
A,B,0.55,19361,0.893,0.853,0.692,73.3,3,0,/projects/ilfgrid/data/Interspecies_GPCR_pipeline/3_models/AF-2.3.1/AF_model_StructuralBenchmark_no_templates/structural_benchmark_2021-09-30/7TYO,unrelaxed_model_3_multimer_v3_pred_0.pdb,result_model_3_multimer_v3_pred_0.pkl
A,B,0.547,18914,0.893,0.868,0.768,78.84,3,3,/projects/ilfgrid/data/Interspecies_GPCR_pipeline/3_models/AF-2.3.1/AF_model_StructuralBenchmark/structural_benchmark_2021-09-30/7X9C,unrelaxed_model_3_multimer_v3_pred_3.pdb,result_model_3_multimer_v3_pred_3.pkl
A,B,0.545,37453,0.896,0.878,0.809,82.38,5,1,/projects/ilfgrid/data/Interspecies_GPCR_pipeline/3_models/AF-2.3.1/AF_model_StructuralBenchmark_no_templates/structural_benchmark_2021-09-30/7XA3,unrelaxed_model_5_multimer_v3_pred_1.pdb,result_model_5_multimer_v3_pred_1.pkl
A,B,0.543,2793,0.916,0.892,0.8,82.47,4,1,/projects/ilfgrid/data/Interspecies_GPCR_pipeline/3_models/AF-2.3.1/AF_model_StructuralBenchmark/structural_benchmark_2021-09-30/7T6T,unrelaxed_model_4_multimer_v3_pred_1.pdb,result_model_4_multimer_v3_pred_1.pkl
A,B,0.542,36226,0.886,0.863,0.771,78.32,5,1,/projects/ilfgrid/data/Interspecies_GPCR_pipeline/3_models/AF-2.3.1/AF_model_StructuralBenchmark/structural_benchmark_2021-09-30/7SK4,unrelaxed_model_5_multimer_v3_pred_1.pdb,result_model_5_multimer_v3_pred_1.pkl
A,B,0.537,20876,0.853,0.823,0.704,75.69,3,3,/projects/ilfgrid/data/Interspecies_GPCR_pipeline/3_models/AF-2.3.1/AF_model_StructuralBenchmark/structural_benchmark_2021-09-30/8F0K,unrelaxed_model_3_multimer_v3_pred_3.pdb,result_model_3_multimer_v3_pred_3.pkl
A,B,0.535,11852,0.928,0.844,0.507,68.87,5,1,/projects/ilfgrid/data/Interspecies_GPCR_pipeline/3_models/AF-2.3.1/AF_model_StructuralBenchmark_no_templates/structural_benchmark_2021-09-30/8IBV,unrelaxed_model_5_multimer_v3_pred_1.pdb,result_model_5_multimer_v3_pred_1.pkl
A,B,0.534,20035,0.87,0.837,0.702,76.06,3,3,/projects/ilfgrid/data/Interspecies_GPCR_pipeline/3_models/AF-2.3.1/AF_model_StructuralBenchmark/structural_benchmark_2021-09-30/7TYO,unrelaxed_model_3_multimer_v3_pred_3.pdb,result_model_3_multimer_v3_pred_3.pkl
A,B,0.533,5950,0.854,0.826,0.715,74.82,1,1,/projects/ilfgrid/data/Interspecies_GPCR_pipeline/3_models/AF-2.3.1/AF_model_StructuralBenchmark_no_templates/structural_benchmark_2021-09-30/7XMS,unrelaxed_model_1_multimer_v3_pred_1.pdb,result_model_1_multimer_v3_pred_1.pkl
A,B,0.53,18183,0.874,0.85,0.758,77.51,3,3,/projects/ilfgrid/data/Interspecies_GPCR_pipeline/3_models/AF-2.3.1/AF_model_StructuralBenchmark_no_templates/structural_benchmark_2021-09-30/7X9C,unrelaxed_model_3_multimer_v3_pred_3.pdb,result_model_3_multimer_v3_pred_3.pkl
A,B,0.529,22651,0.887,0.855,0.728,75.17,5,0,/projects/ilfgrid/data/Interspecies_GPCR_pipeline/3_models/AF-2.3.1/AF_model_StructuralBenchmark_no_templates/structural_benchmark_2021-09-30/7RBT,unrelaxed_model_5_multimer_v3_pred_0.pdb,result_model_5_multimer_v3_pred_0.pkl
A,B,0.526,20111,0.861,0.826,0.687,72.34,3,2,/projects/ilfgrid/data/Interspecies_GPCR_pipeline/3_models/AF-2.3.1/AF_model_StructuralBenchmark_no_templates/structural_benchmark_2021-09-30/8F0K,unrelaxed_model_3_multimer_v3_pred_2.pdb,result_model_3_multimer_v3_pred_2.pkl
A,B,0.521,2153,0.93,0.897,0.763,80.15,4,3,/projects/ilfgrid/data/Interspecies_GPCR_pipeline/3_models/AF-2.3.1/AF_model_StructuralBenchmark/structural_benchmark_2021-09-30/7VFX,unrelaxed_model_4_multimer_v3_pred_3.pdb,result_model_4_multimer_v3_pred_3.pkl
A,B,0.52,10070,0.79,0.733,0.506,66.98,3,0,/projects/ilfgrid/data/Interspecies_GPCR_pipeline/3_models/AF-2.3.1/AF_model_StructuralBenchmark/structural_benchmark_2021-09-30/7W53,unrelaxed_model_3_multimer_v3_pred_0.pdb,result_model_3_multimer_v3_pred_0.pkl
A,B,0.518,8562,0.724,0.694,0.575,70.95,1,0,/projects/ilfgrid/data/Interspecies_GPCR_pipeline/3_models/AF-2.3.1/AF_model_StructuralBenchmark_no_templates/structural_benchmark_2021-09-30/7W55,unrelaxed_model_1_multimer_v3_pred_0.pdb,result_model_1_multimer_v3_pred_0.pkl
A,B,0.518,8357,0.715,0.686,0.569,71.53,1,1,/projects/ilfgrid/data/Interspecies_GPCR_pipeline/3_models/AF-2.3.1/AF_model_StructuralBenchmark/structural_benchmark_2021-09-30/7W55,unrelaxed_model_1_multimer_v3_pred_1.pdb,result_model_1_multimer_v3_pred_1.pkl
A,B,0.509,21629,0.858,0.813,0.631,71.08,5,3,/projects/ilfgrid/data/Interspecies_GPCR_pipeline/3_models/AF-2.3.1/AF_model_StructuralBenchmark_no_templates/structural_benchmark_2021-09-30/7FIN,unrelaxed_model_5_multimer_v3_pred_3.pdb,result_model_5_multimer_v3_pred_3.pkl
A,B,0.505,10170,0.787,0.731,0.506,66.87,3,4,/projects/ilfgrid/data/Interspecies_GPCR_pipeline/3_models/AF-2.3.1/AF_model_StructuralBenchmark_no_templates/structural_benchmark_2021-09-30/7W53,unrelaxed_model_3_multimer_v3_pred_4.pdb,result_model_3_multimer_v3_pred_4.pkl
A,B,0.505,4198,0.895,0.876,0.799,81.31,5,3,/projects/ilfgrid/data/Interspecies_GPCR_pipeline/3_models/AF-2.3.1/AF_model_StructuralBenchmark_no_templates/structural_benchmark_2021-09-30/7Y66,unrelaxed_model_5_multimer_v3_pred_3.pdb,result_model_5_multimer_v3_pred_3.pkl
A,B,0.504,38672,0.894,0.88,0.82,83.71,5,3,/projects/ilfgrid/data/Interspecies_GPCR_pipeline/3_models/AF-2.3.1/AF_model_StructuralBenchmark/structural_benchmark_2021-09-30/8IC0,unrelaxed_model_5_multimer_v3_pred_3.pdb,result_model_5_multimer_v3_pred_3.pkl
A,B,0.501,3241,0.893,0.853,0.692,70.69,4,3,/projects/ilfgrid/data/Interspecies_GPCR_pipeline/3_models/AF-2.3.1/AF_model_StructuralBenchmark/structural_benchmark_2021-09-30/7T11,unrelaxed_model_4_multimer_v3_pred_3.pdb,result_model_4_multimer_v3_pred_3.pkl
A,B,0.501,7829,0.573,0.571,0.561,70.84,1,4,/projects/ilfgrid/data/Interspecies_GPCR_pipeline/3_models/AF-2.3.1/AF_model_StructuralBenchmark/structural_benchmark_2021-09-30/7W57,unrelaxed_model_1_multimer_v3_pred_4.pdb,result_model_1_multimer_v3_pred_4.pkl
A,B,0.498,34667,0.855,0.837,0.762,77.67,4,2,/projects/ilfgrid/data/Interspecies_GPCR_pipeline/3_models/AF-2.3.1/AF_model_StructuralBenchmark_no_templates/structural_benchmark_2021-09-30/7SK4,unrelaxed_model_4_multimer_v3_pred_2.pdb,result_model_4_multimer_v3_pred_2.pkl
A,B,0.497,3311,0.913,0.843,0.566,58.0,4,0,/projects/ilfgrid/data/Interspecies_GPCR_pipeline/3_models/AF-2.3.1/AF_model_StructuralBenchmark/structural_benchmark_2021-09-30/7XAV,unrelaxed_model_4_multimer_v3_pred_0.pdb,result_model_4_multimer_v3_pred_0.pkl
A,B,0.495,7433,0.553,0.555,0.56,69.51,1,3,/projects/ilfgrid/data/Interspecies_GPCR_pipeline/3_models/AF-2.3.1/AF_model_StructuralBenchmark_no_templates/structural_benchmark_2021-09-30/7W57,unrelaxed_model_1_multimer_v3_pred_3.pdb,result_model_1_multimer_v3_pred_3.pkl
A,B,0.489,5632,0.908,0.828,0.509,78.11,3,4,/projects/ilfgrid/data/Interspecies_GPCR_pipeline/3_models/AF-2.3.1/AF_model_StructuralBenchmark_no_templates/structural_benchmark_2021-09-30/7W3Z,unrelaxed_model_3_multimer_v3_pred_4.pdb,result_model_3_multimer_v3_pred_4.pkl
A,B,0.484,21744,0.845,0.803,0.636,69.89,5,0,/projects/ilfgrid/data/Interspecies_GPCR_pipeline/3_models/AF-2.3.1/AF_model_StructuralBenchmark/structural_benchmark_2021-09-30/7FIN,unrelaxed_model_5_multimer_v3_pred_0.pdb,result_model_5_multimer_v3_pred_0.pkl
A,B,0.476,5680,0.907,0.829,0.514,78.0,5,2,/projects/ilfgrid/data/Interspecies_GPCR_pipeline/3_models/AF-2.3.1/AF_model_StructuralBenchmark/structural_benchmark_2021-09-30/7W3Z,unrelaxed_model_5_multimer_v3_pred_2.pdb,result_model_5_multimer_v3_pred_2.pkl
A,B,0.465,15764,0.877,0.815,0.567,64.73,3,1,/projects/ilfgrid/data/Interspecies_GPCR_pipeline/3_models/AF-2.3.1/AF_model_StructuralBenchmark_no_templates/structural_benchmark_2021-09-30/7VQX,unrelaxed_model_3_multimer_v3_pred_1.pdb,result_model_3_multimer_v3_pred_1.pkl
A,B,0.46,5298,0.854,0.835,0.758,76.59,4,0,/projects/ilfgrid/data/Interspecies_GPCR_pipeline/3_models/AF-2.3.1/AF_model_StructuralBenchmark_no_templates/structural_benchmark_2021-09-30/7P00,unrelaxed_model_4_multimer_v3_pred_0.pdb,result_model_4_multimer_v3_pred_0.pkl
A,B,0.456,37282,0.886,0.868,0.796,81.6,5,1,/projects/ilfgrid/data/Interspecies_GPCR_pipeline/3_models/AF-2.3.1/AF_model_StructuralBenchmark_no_templates/structural_benchmark_2021-09-30/8IC0,unrelaxed_model_5_multimer_v3_pred_1.pdb,result_model_5_multimer_v3_pred_1.pkl
A,B,0.451,36890,0.836,0.801,0.66,68.64,3,4,/projects/ilfgrid/data/Interspecies_GPCR_pipeline/3_models/AF-2.3.1/AF_model_StructuralBenchmark/structural_benchmark_2021-09-30/8HK2,unrelaxed_model_3_multimer_v3_pred_4.pdb,result_model_3_multimer_v3_pred_4.pkl
A,B,0.448,6525,0.854,0.828,0.724,77.6,2,3,/projects/ilfgrid/data/Interspecies_GPCR_pipeline/3_models/AF-2.3.1/AF_model_StructuralBenchmark_no_templates/structural_benchmark_2021-09-30/8F7X,unrelaxed_model_2_multimer_v3_pred_3.pdb,result_model_2_multimer_v3_pred_3.pkl
A,B,0.437,35747,0.825,0.79,0.65,67.62,3,3,/projects/ilfgrid/data/Interspecies_GPCR_pipeline/3_models/AF-2.3.1/AF_model_StructuralBenchmark_no_templates/structural_benchmark_2021-09-30/8HK2,unrelaxed_model_3_multimer_v3_pred_3.pdb,result_model_3_multimer_v3_pred_3.pkl
A,B,0.431,2372,0.852,0.838,0.781,81.09,4,4,/projects/ilfgrid/data/Interspecies_GPCR_pipeline/3_models/AF-2.3.1/AF_model_StructuralBenchmark_no_templates/structural_benchmark_2021-09-30/7Y67,unrelaxed_model_4_multimer_v3_pred_4.pdb,result_model_4_multimer_v3_pred_4.pkl
A,B,0.427,2865,0.851,0.813,0.659,68.68,4,2,/projects/ilfgrid/data/Interspecies_GPCR_pipeline/3_models/AF-2.3.1/AF_model_StructuralBenchmark_no_templates/structural_benchmark_2021-09-30/7T11,unrelaxed_model_4_multimer_v3_pred_2.pdb,result_model_4_multimer_v3_pred_2.pkl
A,B,0.415,8270,0.614,0.593,0.511,61.07,4,3,/projects/ilfgrid/data/Interspecies_GPCR_pipeline/3_models/AF-2.3.1/AF_model_StructuralBenchmark/structural_benchmark_2021-09-30/7W56,unrelaxed_model_4_multimer_v3_pred_3.pdb,result_model_4_multimer_v3_pred_3.pkl
A,B,0.404,2881,0.865,0.804,0.561,56.63,4,3,/projects/ilfgrid/data/Interspecies_GPCR_pipeline/3_models/AF-2.3.1/AF_model_StructuralBenchmark_no_templates/structural_benchmark_2021-09-30/7XAV,unrelaxed_model_4_multimer_v3_pred_3.pdb,result_model_4_multimer_v3_pred_3.pkl
A,B,0.404,3252,0.821,0.764,0.534,69.48,5,1,/projects/ilfgrid/data/Interspecies_GPCR_pipeline/3_models/AF-2.3.1/AF_model_StructuralBenchmark/structural_benchmark_2021-09-30/7EIB,unrelaxed_model_5_multimer_v3_pred_1.pdb,result_model_5_multimer_v3_pred_1.pkl
A,B,0.392,8194,0.617,0.596,0.515,61.25,4,3,/projects/ilfgrid/data/Interspecies_GPCR_pipeline/3_models/AF-2.3.1/AF_model_StructuralBenchmark_no_templates/structural_benchmark_2021-09-30/7W56,unrelaxed_model_4_multimer_v3_pred_3.pdb,result_model_4_multimer_v3_pred_3.pkl
A,B,0.387,2303,0.808,0.813,0.832,84.89,3,2,/projects/ilfgrid/data/Interspecies_GPCR_pipeline/3_models/AF-2.3.1/AF_model_StructuralBenchmark/structural_benchmark_2021-09-30/7Y67,unrelaxed_model_3_multimer_v3_pred_2.pdb,result_model_3_multimer_v3_pred_2.pkl
A,B,0.386,4162,0.893,0.815,0.501,75.3,4,2,/projects/ilfgrid/data/Interspecies_GPCR_pipeline/3_models/AF-2.3.1/AF_model_StructuralBenchmark_no_templates/structural_benchmark_2021-09-30/7W40,unrelaxed_model_4_multimer_v3_pred_2.pdb,result_model_4_multimer_v3_pred_2.pkl
A,B,0.376,3075,0.806,0.749,0.523,67.97,5,4,/projects/ilfgrid/data/Interspecies_GPCR_pipeline/3_models/AF-2.3.1/AF_model_StructuralBenchmark_no_templates/structural_benchmark_2021-09-30/7EIB,unrelaxed_model_5_multimer_v3_pred_4.pdb,result_model_5_multimer_v3_pred_4.pkl
A,B,0.373,3850,0.886,0.809,0.503,75.23,4,3,/projects/ilfgrid/data/Interspecies_GPCR_pipeline/3_models/AF-2.3.1/AF_model_StructuralBenchmark/structural_benchmark_2021-09-30/7W40,unrelaxed_model_4_multimer_v3_pred_3.pdb,result_model_4_multimer_v3_pred_3.pkl
A,B,0.372,989,0.852,0.823,0.708,72.85,4,2,/projects/ilfgrid/data/Interspecies_GPCR_pipeline/3_models/AF-2.3.1/AF_model_StructuralBenchmark/structural_benchmark_2021-09-30/7XW9,unrelaxed_model_4_multimer_v3_pred_2.pdb,result_model_4_multimer_v3_pred_2.pkl
A,B,0.356,950,0.836,0.814,0.726,73.98,5,1,/projects/ilfgrid/data/Interspecies_GPCR_pipeline/3_models/AF-2.3.1/AF_model_StructuralBenchmark_no_templates/structural_benchmark_2021-09-30/7XW9,unrelaxed_model_5_multimer_v3_pred_1.pdb,result_model_5_multimer_v3_pred_1.pkl
A,B,0.353,4411,0.709,0.711,0.72,74.54,1,4,/projects/ilfgrid/data/Interspecies_GPCR_pipeline/3_models/AF-2.3.1/AF_model_StructuralBenchmark/structural_benchmark_2021-09-30/7XMS,unrelaxed_model_1_multimer_v3_pred_4.pdb,result_model_1_multimer_v3_pred_4.pkl
A,B,0.349,4750,0.745,0.743,0.734,77.79,2,1,/projects/ilfgrid/data/Interspecies_GPCR_pipeline/3_models/AF-2.3.1/AF_model_StructuralBenchmark/structural_benchmark_2021-09-30/8F7X,unrelaxed_model_2_multimer_v3_pred_1.pdb,result_model_2_multimer_v3_pred_1.pkl
A,B,0.333,1264,0.777,0.77,0.744,77.01,2,3,/projects/ilfgrid/data/Interspecies_GPCR_pipeline/3_models/AF-2.3.1/AF_model_StructuralBenchmark/structural_benchmark_2021-09-30/8EFQ,unrelaxed_model_2_multimer_v3_pred_3.pdb,result_model_2_multimer_v3_pred_3.pkl
A,B,0.331,2527,0.724,0.747,0.838,83.47,5,1,/projects/ilfgrid/data/Interspecies_GPCR_pipeline/3_models/AF-2.3.1/AF_model_StructuralBenchmark/structural_benchmark_2021-09-30/7Y66,unrelaxed_model_5_multimer_v3_pred_1.pdb,result_model_5_multimer_v3_pred_1.pkl
A,B,0.308,5072,0.674,0.672,0.665,70.06,2,1,/projects/ilfgrid/data/Interspecies_GPCR_pipeline/3_models/AF-2.3.1/AF_model_StructuralBenchmark/structural_benchmark_2021-09-30/7XOW,unrelaxed_model_2_multimer_v3_pred_1.pdb,result_model_2_multimer_v3_pred_1.pkl
A,B,0.301,1096,0.75,0.735,0.676,70.54,4,3,/projects/ilfgrid/data/Interspecies_GPCR_pipeline/3_models/AF-2.3.1/AF_model_StructuralBenchmark/structural_benchmark_2021-09-30/8F7R,unrelaxed_model_4_multimer_v3_pred_3.pdb,result_model_4_multimer_v3_pred_3.pkl
A,B,0.301,2921,0.778,0.738,0.576,80.05,5,2,/projects/ilfgrid/data/Interspecies_GPCR_pipeline/3_models/AF-2.3.1/AF_model_StructuralBenchmark/structural_benchmark_2021-09-30/7F6I,unrelaxed_model_5_multimer_v3_pred_2.pdb,result_model_5_multimer_v3_pred_2.pkl
A,B,0.3,3802,0.733,0.737,0.754,76.32,2,4,/projects/ilfgrid/data/Interspecies_GPCR_pipeline/3_models/AF-2.3.1/AF_model_StructuralBenchmark/structural_benchmark_2021-09-30/7P00,unrelaxed_model_2_multimer_v3_pred_4.pdb,result_model_2_multimer_v3_pred_4.pkl
A,B,0.297,4159,0.68,0.649,0.522,63.52,4,0,/projects/ilfgrid/data/Interspecies_GPCR_pipeline/3_models/AF-2.3.1/AF_model_StructuralBenchmark/structural_benchmark_2021-09-30/8GY7,unrelaxed_model_4_multimer_v3_pred_0.pdb,result_model_4_multimer_v3_pred_0.pkl
A,B,0.294,2892,0.776,0.734,0.564,78.95,5,3,/projects/ilfgrid/data/Interspecies_GPCR_pipeline/3_models/AF-2.3.1/AF_model_StructuralBenchmark_no_templates/structural_benchmark_2021-09-30/7F6I,unrelaxed_model_5_multimer_v3_pred_3.pdb,result_model_5_multimer_v3_pred_3.pkl
A,B,0.293,3260,0.724,0.701,0.609,73.61,1,2,/projects/ilfgrid/data/Interspecies_GPCR_pipeline/3_models/AF-2.3.1/AF_model_StructuralBenchmark/structural_benchmark_2021-09-30/7XWO,unrelaxed_model_1_multimer_v3_pred_2.pdb,result_model_1_multimer_v3_pred_2.pkl
A,B,0.289,1157,0.729,0.73,0.738,77.63,4,3,/projects/ilfgrid/data/Interspecies_GPCR_pipeline/3_models/AF-2.3.1/AF_model_StructuralBenchmark_no_templates/structural_benchmark_2021-09-30/7VFX,unrelaxed_model_4_multimer_v3_pred_3.pdb,result_model_4_multimer_v3_pred_3.pkl
A,B,0.287,1434,0.71,0.723,0.773,79.17,4,3,/projects/ilfgrid/data/Interspecies_GPCR_pipeline/3_models/AF-2.3.1/AF_model_StructuralBenchmark_no_templates/structural_benchmark_2021-09-30/7T6T,unrelaxed_model_4_multimer_v3_pred_3.pdb,result_model_4_multimer_v3_pred_3.pkl
A,B,0.279,3274,0.571,0.59,0.662,67.57,5,1,/projects/ilfgrid/data/Interspecies_GPCR_pipeline/3_models/AF-2.3.1/AF_model_StructuralBenchmark_no_templates/structural_benchmark_2021-09-30/7XOW,unrelaxed_model_5_multimer_v3_pred_1.pdb,result_model_5_multimer_v3_pred_1.pkl
A,B,0.278,3293,0.673,0.696,0.789,78.41,5,0,/projects/ilfgrid/data/Interspecies_GPCR_pipeline/3_models/AF-2.3.1/AF_model_StructuralBenchmark_no_templates/structural_benchmark_2021-09-30/7VV0,unrelaxed_model_5_multimer_v3_pred_0.pdb,result_model_5_multimer_v3_pred_0.pkl
A,B,0.276,3052,0.711,0.688,0.595,71.28,1,0,/projects/ilfgrid/data/Interspecies_GPCR_pipeline/3_models/AF-2.3.1/AF_model_StructuralBenchmark_no_templates/structural_benchmark_2021-09-30/7XWO,unrelaxed_model_1_multimer_v3_pred_0.pdb,result_model_1_multimer_v3_pred_0.pkl
A,B,0.269,1020,0.698,0.697,0.693,72.61,4,4,/projects/ilfgrid/data/Interspecies_GPCR_pipeline/3_models/AF-2.3.1/AF_model_StructuralBenchmark_no_templates/structural_benchmark_2021-09-30/8EFQ,unrelaxed_model_4_multimer_v3_pred_4.pdb,result_model_4_multimer_v3_pred_4.pkl
A,B,0.267,3275,0.651,0.679,0.789,79.82,2,1,/projects/ilfgrid/data/Interspecies_GPCR_pipeline/3_models/AF-2.3.1/AF_model_StructuralBenchmark/structural_benchmark_2021-09-30/7VV0,unrelaxed_model_2_multimer_v3_pred_1.pdb,result_model_2_multimer_v3_pred_1.pkl
A,B,0.265,1021,0.726,0.711,0.651,69.5,4,3,/projects/ilfgrid/data/Interspecies_GPCR_pipeline/3_models/AF-2.3.1/AF_model_StructuralBenchmark_no_templates/structural_benchmark_2021-09-30/8F7R,unrelaxed_model_4_multimer_v3_pred_3.pdb,result_model_4_multimer_v3_pred_3.pkl
A,B,0.251,4861,0.506,0.539,0.669,69.7,4,1,/projects/ilfgrid/data/Interspecies_GPCR_pipeline/3_models/AF-2.3.1/AF_model_StructuralBenchmark/structural_benchmark_2021-09-30/8F7Q,unrelaxed_model_4_multimer_v3_pred_1.pdb,result_model_4_multimer_v3_pred_1.pkl
A,B,0.237,2754,0.623,0.657,0.789,79.05,2,2,/projects/ilfgrid/data/Interspecies_GPCR_pipeline/3_models/AF-2.3.1/AF_model_StructuralBenchmark/structural_benchmark_2021-09-30/7VDM,unrelaxed_model_2_multimer_v3_pred_2.pdb,result_model_2_multimer_v3_pred_2.pkl
A,B,0.231,2347,0.626,0.654,0.766,75.17,4,1,/projects/ilfgrid/data/Interspecies_GPCR_pipeline/3_models/AF-2.3.1/AF_model_StructuralBenchmark/structural_benchmark_2021-09-30/7YKD,unrelaxed_model_4_multimer_v3_pred_1.pdb,result_model_4_multimer_v3_pred_1.pkl
A,B,0.228,3186,0.573,0.614,0.776,77.38,1,0,/projects/ilfgrid/data/Interspecies_GPCR_pipeline/3_models/AF-2.3.1/AF_model_StructuralBenchmark/structural_benchmark_2021-09-30/7S8L,unrelaxed_model_1_multimer_v3_pred_0.pdb,result_model_1_multimer_v3_pred_0.pkl
A,B,0.227,2717,0.624,0.657,0.787,77.29,5,3,/projects/ilfgrid/data/Interspecies_GPCR_pipeline/3_models/AF-2.3.1/AF_model_StructuralBenchmark_no_templates/structural_benchmark_2021-09-30/7VDM,unrelaxed_model_5_multimer_v3_pred_3.pdb,result_model_5_multimer_v3_pred_3.pkl
A,B,0.213,2319,0.613,0.644,0.769,75.84,4,1,/projects/ilfgrid/data/Interspecies_GPCR_pipeline/3_models/AF-2.3.1/AF_model_StructuralBenchmark_no_templates/structural_benchmark_2021-09-30/7YKD,unrelaxed_model_4_multimer_v3_pred_1.pdb,result_model_4_multimer_v3_pred_1.pkl
A,B,0.212,3090,0.591,0.595,0.61,63.03,4,4,/projects/ilfgrid/data/Interspecies_GPCR_pipeline/3_models/AF-2.3.1/AF_model_StructuralBenchmark/structural_benchmark_2021-09-30/8IA8,unrelaxed_model_4_multimer_v3_pred_4.pdb,result_model_4_multimer_v3_pred_4.pkl
A,B,0.204,1900,0.62,0.632,0.679,69.99,4,2,/projects/ilfgrid/data/Interspecies_GPCR_pipeline/3_models/AF-2.3.1/AF_model_StructuralBenchmark_no_templates/structural_benchmark_2021-09-30/8F7W,unrelaxed_model_4_multimer_v3_pred_2.pdb,result_model_4_multimer_v3_pred_2.pkl
A,B,0.198,1896,0.604,0.619,0.678,69.72,4,0,/projects/ilfgrid/data/Interspecies_GPCR_pipeline/3_models/AF-2.3.1/AF_model_StructuralBenchmark/structural_benchmark_2021-09-30/8F7W,unrelaxed_model_4_multimer_v3_pred_0.pdb,result_model_4_multimer_v3_pred_0.pkl
A,B,0.193,3065,0.588,0.593,0.613,63.4,1,4,/projects/ilfgrid/data/Interspecies_GPCR_pipeline/3_models/AF-2.3.1/AF_model_StructuralBenchmark_no_templates/structural_benchmark_2021-09-30/8IA8,unrelaxed_model_1_multimer_v3_pred_4.pdb,result_model_1_multimer_v3_pred_4.pkl
A,B,0.192,2736,0.396,0.444,0.637,67.08,2,3,/projects/ilfgrid/data/Interspecies_GPCR_pipeline/3_models/AF-2.3.1/AF_model_StructuralBenchmark_no_templates/structural_benchmark_2021-09-30/8F7Q,unrelaxed_model_2_multimer_v3_pred_3.pdb,result_model_2_multimer_v3_pred_3.pkl
A,B,0.183,2903,0.553,0.593,0.754,74.91,3,4,/projects/ilfgrid/data/Interspecies_GPCR_pipeline/3_models/AF-2.3.1/AF_model_StructuralBenchmark_no_templates/structural_benchmark_2021-09-30/7S8L,unrelaxed_model_3_multimer_v3_pred_4.pdb,result_model_3_multimer_v3_pred_4.pkl
A,B,0.166,2883,0.532,0.58,0.77,75.31,4,4,/projects/ilfgrid/data/Interspecies_GPCR_pipeline/3_models/AF-2.3.1/AF_model_StructuralBenchmark/structural_benchmark_2021-09-30/8DWG,unrelaxed_model_4_multimer_v3_pred_4.pdb,result_model_4_multimer_v3_pred_4.pkl
A,B,0.157,2788,0.521,0.571,0.769,75.07,4,1,/projects/ilfgrid/data/Interspecies_GPCR_pipeline/3_models/AF-2.3.1/AF_model_StructuralBenchmark_no_templates/structural_benchmark_2021-09-30/8DWG,unrelaxed_model_4_multimer_v3_pred_1.pdb,result_model_4_multimer_v3_pred_1.pkl
A,B,0.144,2447,0.534,0.529,0.508,61.38,4,1,/projects/ilfgrid/data/Interspecies_GPCR_pipeline/3_models/AF-2.3.1/AF_model_StructuralBenchmark_no_templates/structural_benchmark_2021-09-30/8GY7,unrelaxed_model_4_multimer_v3_pred_1.pdb,result_model_4_multimer_v3_pred_1.pkl
