model,pdb,DockQ_F1,DockQ,F1,irms,Lrms,fnat,nat_correct,nat_total,fnonnat,nonnat_count,model_total,clashes,len1,len2
NeuralPLexer,7SK4,0.007306916791924008,0.007306916791924008,0.0,23.455163842971732,63.054887119307594,0.0,0,113,0.0,0,0,0,305,69
NeuralPLexer,8GY7,0.006358961612023224,0.006358961612023224,0.0,22.621747052452452,69.59107406108699,0.0,0,85,0.0,0,0,0,274,18
NeuralPLexer,7EIB,0.009305157048328579,0.009305157048328579,0.0,15.831271569281787,61.04747599276161,0.0,0,65,0.0,0,0,0,295,9
NeuralPLexer,7F6I,0.024240225277976635,0.024240225277976635,0.0,12.11683381015853,34.37303669819512,0.0,0,72,1.0,2,2,1,305,10
NeuralPLexer,8IA8,0.020877305147090228,0.020877305147090228,0.0,13.574748663217719,36.830527706923775,0.0,0,43,0.0,0,0,0,286,8
NeuralPLexer,8HK2,0.004527558691161788,0.004527558691161788,0.0,29.769454906346656,80.41189664340335,0.0,0,64,0.0,0,0,0,284,73
NeuralPLexer,7Y67,0.04603989519257889,0.04603989519257889,0.0,5.995397773635318,28.98049762081839,0.0,0,19,0.0,0,0,0,278,3
NeuralPLexer,7Y66,0.016991768906493634,0.016991768906493634,0.0,11.762422214483209,44.65008867908264,0.0,0,43,1.0,1,1,0,281,7
NeuralPLexer,7Y64,0.009163740279980999,0.009163740279980999,0.0,19.27025250686735,57.38577607945678,0.0,0,101,1.0,5,5,0,293,74
NeuralPLexer,8F0K,0.01008152358703497,0.01008152358703497,0.0,22.566775466777454,52.18402585691059,0.0,0,131,1.0,24,24,1,369,37
NeuralPLexer,7TYO,0.010109517692931044,0.010109517692931044,0.0,22.20201779116788,52.247432079821365,0.0,0,124,1.0,9,9,1,359,32
NeuralPLexer,7VL9,0.01317316102978198,0.01317316102978198,0.0,17.826545316312952,46.38510950902955,0.0,0,110,0.0,0,0,0,302,65
NeuralPLexer,7XA3,0.015761367581069222,0.015761367581069222,0.0,15.502857200023783,42.76223300779236,0.0,0,81,1.0,10,10,1,295,69
NeuralPLexer,7YKD,0.027930066508320448,0.027930066508320448,0.0,10.596765142799846,32.4665264191885,0.0,0,62,1.0,2,2,0,282,9
NeuralPLexer,8IC0,0.0035419079676801044,0.0035419079676801044,0.0,31.289271343021493,92.72719387616856,0.0,0,73,1.0,4,4,0,302,69
NeuralPLexer,8HCQ,0.007217786025394188,0.007217786025394188,0.0,22.3901868391954,64.28011510937657,0.0,0,91,0.0,0,0,0,303,21
NeuralPLexer,7VFX,0.017017481598607234,0.017017481598607234,0.0,9.987070387027618,49.19180874369685,0.0,0,23,0.0,0,0,0,295,3
NeuralPLexer,7T6T,0.021889689730130567,0.021889689730130567,0.0,9.575982721825705,40.73736048601671,0.0,0,29,0.0,0,0,0,296,4
NeuralPLexer,7WQ3,0.025213639905124985,0.025213639905124985,0.0,12.229518393083255,33.4018580348193,0.0,0,50,1.0,3,3,0,289,16
NeuralPLexer,7WQ4,0.04371966708279431,0.04050283522746479,0.028169014084507043,10.17847859882126,28.49065551771627,0.018518518518518517,1,54,0.9411764705882353,16,17,2,282,13
NeuralPLexer,7XOW,0.013944923108398658,0.013944923108398658,0.0,12.258991933131975,50.94498260663339,0.0,0,51,1.0,6,6,0,276,7
NeuralPLexer,7RBT,0.014477839285419576,0.014477839285419576,0.0,21.16624156294739,42.514450022237845,0.0,0,88,1.0,3,3,0,378,30
NeuralPLexer,7FIN,0.006242255734047175,0.006242255734047175,0.0,28.463948234121013,66.74910578916408,0.0,0,81,0.0,0,0,0,380,29
NeuralPLexer,7W40,0.02828176920723204,0.02828176920723204,0.0,8.375350305672178,35.6584448443942,0.0,0,49,0.0,0,0,0,301,6
NeuralPLexer,7W3Z,0.022498645107378992,0.022498645107378992,0.0,11.526396638821971,36.726057354113976,0.0,0,78,1.0,4,4,0,301,12
NeuralPLexer,8DWG,0.014641152663845492,0.014641152663845492,0.0,15.639347273278101,44.759464335754714,0.0,0,51,1.0,3,3,1,247,13
NeuralPLexer,7S8L,0.012404627332967292,0.012404627332967292,0.0,13.802402659434954,52.50259596446458,0.0,0,33,1.0,3,3,0,250,6
NeuralPLexer,7VDM,0.013599150071186129,0.013599150071186129,0.0,14.255175346255243,48.46107982003929,0.0,0,18,0.0,0,0,0,253,3
NeuralPLexer,7VV0,0.032644460829101586,0.032644460829101586,0.0,8.446251163689645,31.62867766998865,0.0,0,29,1.0,1,1,0,263,5
NeuralPLexer,8IBV,0.003550463414968627,0.003550463414968627,0.0,32.232001949901665,91.85553130191224,0.0,0,60,0.0,0,0,0,279,19
NeuralPLexer,7P00,0.011110139238205053,0.011110139238205053,0.0,15.441660733959877,54.22513675705228,0.0,0,68,0.0,0,0,0,288,11
NeuralPLexer,7XWO,0.009333344643832559,0.009333344643832559,0.0,17.345518786733713,58.64234681879125,0.0,0,49,0.0,0,0,0,272,11
NeuralPLexer,8H0P,0.017776763670424814,0.017776763670424814,0.0,11.671760152147128,43.31409379258252,0.0,0,69,0.0,0,0,0,291,10
NeuralPLexer,7W56,0.023098167995969077,0.023098167995969077,0.0,10.30581399815329,37.628740882607964,0.0,0,58,1.0,3,3,0,276,9
NeuralPLexer,7W53,0.019554292708037647,0.019554292708037647,0.0,16.627787570827856,36.82227061733087,0.0,0,54,1.0,1,1,0,264,8
NeuralPLexer,7W55,0.01482763702648592,0.01482763702648592,0.0,12.842307425556612,47.50364164419637,0.0,0,63,1.0,2,2,0,303,9
NeuralPLexer,7W57,0.013695206490880782,0.013695206490880782,0.0,14.631341970165899,47.773913714465785,0.0,0,66,0.0,0,0,0,297,12
NeuralPLexer,7VGX,0.017792434590889996,0.017792434590889996,0.0,14.431199731612619,40.252023550693636,0.0,0,61,1.0,2,2,0,280,21
NeuralPLexer,7YON,0.009097892463034893,0.009097892463034893,0.0,19.792847317541653,57.23000993145346,0.0,0,66,0.0,0,0,0,302,24
NeuralPLexer,7YOO,0.006443751730030023,0.006443751730030023,0.0,23.928944634576485,67.9270845456483,0.0,0,75,1.0,5,5,0,302,28
NeuralPLexer,7X9C,0.03352492229524356,0.03352492229524356,0.0,12.775468861521146,27.539678311250572,0.0,0,62,1.0,18,18,1,302,35
NeuralPLexer,8F7W,0.03252461380043451,0.03252461380043451,0.0,9.000325924171412,30.852309194045436,0.0,0,47,0.0,0,0,0,286,8
NeuralPLexer,8F7Q,0.01690936378207776,0.01690936378207776,0.0,14.59502787019357,41.492516828374924,0.0,0,61,0.0,0,0,0,287,21
NeuralPLexer,8F7R,0.034393461376860064,0.034393461376860064,0.0,7.085246977533111,33.55985844906223,0.0,0,39,0.0,0,0,0,287,4
NeuralPLexer,8EFQ,0.015330351853459863,0.015330351853459863,0.0,9.716319530392342,55.756354128096056,0.0,0,13,0.0,0,0,0,283,2
NeuralPLexer,8F7X,0.01212080799632307,0.01212080799632307,0.0,18.727907992096092,48.34284241691244,0.0,0,61,0.0,0,0,0,285,14
NeuralPLexer,7RYC,0.0479299324615326,0.0479299324615326,0.0,7.401800040748015,24.903573805404918,0.0,0,52,1.0,10,10,1,285,9
NeuralPLexer,7T10,0.004343004004880983,0.004343004004880983,0.0,26.31475592653837,85.48402371523508,0.0,0,71,0.0,0,0,0,287,14
NeuralPLexer,7T11,0.0070515186466678795,0.0070515186466678795,0.0,16.5978340635578,73.91012775982486,0.0,0,31,0.0,0,0,0,285,5
NeuralPLexer,7XAV,0.018164579697903516,0.018164579697903516,0.0,9.37613949479263,48.72060591886224,0.0,0,28,0.0,0,0,0,280,5
NeuralPLexer,7XMS,0.0036240044901011763,0.0036240044901011763,0.0,29.028898943400357,93.42911621041577,0.0,0,47,0.0,0,0,0,276,12
NeuralPLexer,7VQX,0.020738288282907424,0.020738288282907424,0.0,19.277988569621083,34.83395347874672,0.0,0,104,1.0,9,9,0,361,27
RFAA,7SK4,0.2098810941905084,0.2074117606436111,0.334841628959276,6.039128479404762,15.264230952157453,0.3274336283185841,37,113,0.6574074074074074,71,108,4,305,69
RFAA,8GY7,0.3665453664946215,0.33619062917984827,0.3969465648854962,3.208044369822445,8.112943445229119,0.3058823529411765,26,85,0.43478260869565216,20,46,4,274,18
RFAA,7EIB,0.6780248246124764,0.662767354809552,0.6611570247933884,1.4524349459199002,3.474808847611433,0.6153846153846154,40,65,0.2857142857142857,16,56,0,295,9
RFAA,7F6I,0.01872971181415541,0.01872971181415541,0.0,14.280335845737852,39.03216509635835,0.0,0,72,0.0,0,0,0,305,10
RFAA,8IA8,0.049498752557603075,0.049498752557603075,0.0,6.5791248045594735,25.6306904180001,0.0,0,43,1.0,11,11,1,286,8
RFAA,8HK2,0.041019278579314485,0.041019278579314485,0.0,12.61699447038015,24.287058165807466,0.0,0,64,1.0,16,16,1,284,73
RFAA,7Y67,0.6147767551590534,0.635176591960359,0.46511627906976744,1.388997683820448,3.697991548594914,0.5263157894736842,10,19,0.5833333333333334,14,24,1,278,3
RFAA,7Y66,0.484706241725829,0.5090260471673854,0.39215686274509803,1.865844001281901,5.973672370687903,0.46511627906976744,20,43,0.6610169491525424,39,59,13,281,7
RFAA,7Y64,0.21121024262273458,0.20143952870923798,0.11842105263157894,5.323946341885189,9.556926828974847,0.0891089108910891,9,101,0.8235294117647058,42,51,10,293,74
RFAA,8F0K,0.3553921677276981,0.3449658039220753,0.5121951219512195,4.494625119158284,9.32593252774976,0.48091603053435117,63,131,0.45217391304347826,52,115,4,369,37
RFAA,7TYO,0.5548898415999863,0.5332141738142616,0.5972850678733032,2.321796998858784,4.6073686015310455,0.532258064516129,66,124,0.31958762886597936,31,97,7,359,32
RFAA,7VL9,0.5896913010974768,0.5814190046735216,0.6066350710900474,2.1106136957039565,3.889667491917373,0.5818181818181818,64,110,0.36633663366336633,37,101,2,302,65
RFAA,7XA3,0.3355293498908607,0.34763295676570943,0.23529411764705882,3.149620583280053,7.138369225013751,0.2716049382716049,22,81,0.7924528301886793,84,106,16,295,69
RFAA,7YKD,0.5983846808181218,0.6230167253540786,0.5390070921985816,1.6308996541128624,4.2780987232467265,0.6129032258064516,38,62,0.5189873417721519,41,79,8,282,9
RFAA,8IC0,0.5655884145003139,0.5830307696436816,0.5093167701863354,2.054861197587337,3.7121677797118884,0.5616438356164384,41,73,0.5340909090909091,47,88,3,302,69
RFAA,8HCQ,0.3749954945803485,0.37696485138841496,0.26881720430107525,2.7850890839224096,6.495589384251457,0.27472527472527475,25,91,0.7368421052631579,70,95,11,303,21
RFAA,7VFX,0.3294880601232901,0.3486479716929291,0.2033898305084746,1.970328294632395,10.026536763174887,0.2608695652173913,6,23,0.8333333333333334,30,36,8,295,3
RFAA,7T6T,0.3136594332335451,0.31535530660833316,0.09836065573770492,1.979127970534712,8.886708233166853,0.10344827586206896,3,29,0.90625,29,32,3,296,4
RFAA,7WQ3,0.177263966741538,0.1903574919213941,0.10071942446043165,4.685332423675308,11.89286416183258,0.14,7,50,0.9213483146067416,82,89,8,289,16
RFAA,7WQ4,0.3797138096125767,0.4048658273019079,0.31343283582089554,2.7974290879491726,6.905614253364507,0.3888888888888889,21,54,0.7375,59,80,12,282,13
RFAA,7XOW,0.48592345607993953,0.48853783516490684,0.26666666666666666,1.7440609996075447,4.699128381439818,0.27450980392156865,14,51,0.7407407407407407,40,54,9,276,7
RFAA,7RBT,0.6360299968910543,0.6373782249341976,0.711864406779661,2.2903290144930937,2.895113592560143,0.7159090909090909,63,88,0.29213483146067415,26,89,1,378,30
RFAA,7FIN,0.6195484214857557,0.6507162012874154,0.7213114754098361,2.729394125438065,2.7480983317487135,0.8148148148148148,66,81,0.35294117647058826,36,102,2,380,29
RFAA,7W40,0.012061386077615241,0.012061386077615241,0.0,13.644058849095552,53.92678013343552,0.0,0,49,0.0,0,0,0,301,6
RFAA,7W3Z,0.055913041569643905,0.04968593534253768,0.05714285714285714,13.875788526559358,25.636200827879502,0.038461538461538464,3,78,0.8888888888888888,24,27,5,301,12
RFAA,8DWG,0.10601644961551922,0.10637955782176467,0.018518518518518517,5.8135896823095035,15.246510257516377,0.0196078431372549,1,51,0.9824561403508771,56,57,6,247,13
RFAA,7S8L,0.0075422894389203686,0.0075422894389203686,0.0,17.13003999993303,68.8389623278489,0.0,0,33,0.0,0,0,0,250,6
RFAA,7VDM,0.008442570835186828,0.008442570835186828,0.0,15.16650029624663,67.43197893010417,0.0,0,18,0.0,0,0,0,253,3
RFAA,7VV0,0.008704966118483306,0.008704966118483306,0.0,15.451073124143024,65.06859398994361,0.0,0,29,0.0,0,0,0,263,5
RFAA,8IBV,0.6281517540498799,0.6056027344420367,0.45098039215686275,1.4507280408574228,2.5609231977301343,0.38333333333333336,23,60,0.4523809523809524,19,42,3,279,19
RFAA,7P00,0.021160306184898725,0.021160306184898725,0.0,11.288104019057542,38.65226861800199,0.0,0,68,1.0,63,63,6,288,11
RFAA,7XWO,0.2849239114972821,0.29081960310725946,0.24761904761904763,3.5249116827119877,9.324715744172982,0.2653061224489796,13,49,0.7678571428571429,43,56,2,272,11
RFAA,8H0P,0.3682556499156486,0.3607194180315905,0.24,2.511233697363295,6.914185967175198,0.21739130434782608,15,69,0.7321428571428571,41,56,5,291,10
RFAA,7W56,0.18816645977543703,0.20747267493133215,0.1317365269461078,3.841292513172891,12.969975868495517,0.1896551724137931,11,58,0.8990825688073395,98,109,28,276,9
RFAA,7W53,0.07515639894708243,0.07683541129276143,0.032,6.918804693281521,20.347738416040965,0.037037037037037035,2,54,0.971830985915493,69,71,18,264,8
RFAA,7W55,0.09600372310290757,0.0905214766568057,0.04819277108433735,5.338395074358015,19.00812844585406,0.031746031746031744,2,63,0.9,18,20,2,303,9
RFAA,7W57,0.13524849166615519,0.1388559952736588,0.09523809523809523,5.0653232638682715,15.557605697924194,0.10606060606060606,7,66,0.9135802469135802,74,81,10,297,12
RFAA,7VGX,0.01944619472159328,0.01944619472159328,0.0,13.904453402446189,38.34597821234169,0.0,0,61,0.0,0,0,0,280,21
RFAA,7YON,0.36484227728401236,0.36249320516749844,0.31007751937984496,2.9890570094187825,7.18463835309934,0.30303030303030304,20,66,0.6825396825396826,43,63,4,302,24
RFAA,7YOO,0.6231707446154976,0.6178130581619208,0.6027397260273972,1.7056099080868024,3.837973122523005,0.5866666666666667,44,75,0.38028169014084506,27,71,2,302,28
RFAA,7X9C,0.5253333150891963,0.5366115105779182,0.46616541353383456,2.165103051914978,4.441564848083942,0.5,31,62,0.5633802816901409,40,71,1,302,35
RFAA,8F7W,0.12170769673481552,0.12965095914616306,0.04,4.301097598859482,16.161099029031778,0.06382978723404255,3,47,0.970873786407767,100,103,29,286,8
RFAA,8F7Q,0.11552503078514166,0.14871757618328516,0.11353711790393013,6.21174847824872,18.26984858506485,0.21311475409836064,13,61,0.9226190476190477,155,168,39,287,21
RFAA,8F7R,0.4548445473270455,0.4462975387800369,0.3333333333333333,1.7058938266556576,7.010415196713827,0.3076923076923077,12,39,0.6363636363636364,21,33,3,287,4
RFAA,8EFQ,0.5204376258750123,0.5204376258750123,0.3076923076923077,1.2956814783301882,5.818559011240254,0.3076923076923077,4,13,0.6923076923076923,9,13,0,283,2
RFAA,8F7X,0.008933577816022458,0.008933577816022458,0.0,18.72992778698303,58.860704745422396,0.0,0,61,1.0,12,12,2,285,14
RFAA,7RYC,0.5627362129953797,0.5471684474276141,0.37362637362637363,1.6255838063609265,3.5046967524663697,0.3269230769230769,17,52,0.5641025641025641,22,39,1,285,9
RFAA,7T10,0.04452467123981719,0.042009580696557636,0.03571428571428571,9.395081818376672,30.289268470181074,0.028169014084507043,2,71,0.9512195121951219,39,41,8,287,14
RFAA,7T11,0.11449787909649191,0.12754608496818456,0.0898876404494382,4.696379563053276,19.40120917809046,0.12903225806451613,4,31,0.9310344827586207,54,58,12,285,5
RFAA,7XAV,0.28526944478563504,0.28526944478563504,0.0,2.493204455827305,7.085125894551937,0.0,0,28,1.0,7,7,0,280,5
RFAA,7XMS,0.00569313167228985,0.00569313167228985,0.0,22.96765224485269,74.55274355961438,0.0,0,47,0.0,0,0,0,276,12
RFAA,7VQX,0.4795327910918368,0.45467091263879805,0.574585635359116,3.8913646994235886,5.108461983467655,0.5,52,104,0.3246753246753247,25,77,3,361,27
RFAA_no_templates,7SK4,0.22911120720248035,0.2145109271154746,0.35353535353535354,5.539635980205726,14.13828734355761,0.30973451327433627,35,113,0.5882352941176471,50,85,4,305,69
RFAA_no_templates,8GY7,0.39271364610960946,0.3543769321136662,0.3620689655172414,2.8247953016497047,6.996470030574427,0.24705882352941178,21,85,0.3225806451612903,10,31,3,274,18
RFAA_no_templates,7EIB,0.6158106393848312,0.5996934232676151,0.5714285714285714,1.6694371971365287,3.856234420231048,0.5230769230769231,34,65,0.37037037037037035,20,54,1,295,9
RFAA_no_templates,7F6I,0.03133728437413341,0.03133728437413341,0.0,14.066555879406717,28.296055775689613,0.0,0,72,0.0,0,0,0,305,10
RFAA_no_templates,8IA8,0.008042351062940564,0.008042351062940564,0.0,16.786762892275846,66.22714423173868,0.0,0,43,0.0,0,0,0,286,8
RFAA_no_templates,8HK2,0.020403188470834627,0.020403188470834627,0.0,15.417161318429848,36.354804102855795,0.0,0,64,1.0,655,655,156,284,73
RFAA_no_templates,7Y67,0.5717115347526979,0.5778518856298908,0.35,1.401393847062399,3.8306362089819967,0.3684210526315789,7,19,0.6666666666666666,14,21,3,278,3
RFAA_no_templates,7Y66,0.09333566465427523,0.09333566465427523,0.0,4.706176745297288,17.677529233567714,0.0,0,43,1.0,78,78,20,281,7
RFAA_no_templates,7Y64,0.07857068061244146,0.07043866741112133,0.064,11.338779113460768,19.883398107382547,0.039603960396039604,4,101,0.8333333333333334,20,24,3,293,74
RFAA_no_templates,8F0K,0.19757069759538207,0.20015306372381933,0.2899628252788104,6.8099908893617345,14.472418641705811,0.29770992366412213,39,131,0.717391304347826,99,138,21,369,37
RFAA_no_templates,7TYO,0.450745425297453,0.4277039506430751,0.5529953917050692,3.7575527101914843,6.076511708305038,0.4838709677419355,60,124,0.3548387096774194,33,93,6,359,32
RFAA_no_templates,7VL9,0.6054782200989841,0.600756585144791,0.6232558139534884,2.034916735233993,3.694304584664967,0.6090909090909091,67,110,0.3619047619047619,38,105,4,302,65
RFAA_no_templates,7XA3,0.5167419170462757,0.5158473026250913,0.43478260869565216,2.0766339671084113,4.6116889514731225,0.43209876543209874,35,81,0.5625,45,80,6,295,69
RFAA_no_templates,7YKD,0.438518293557509,0.4514215193639606,0.3,1.9822876940166065,6.217489705902319,0.3387096774193548,21,62,0.7307692307692307,57,78,11,282,9
RFAA_no_templates,8IC0,0.5856258717794925,0.60873199490212,0.5060240963855421,1.9108765878861795,3.2916581288998357,0.5753424657534246,42,73,0.5483870967741935,51,93,4,302,69
RFAA_no_templates,8HCQ,0.04584064998995829,0.04584064998995829,0.0,8.945537270293517,24.156401359795005,0.0,0,91,1.0,72,72,15,303,21
RFAA_no_templates,7VFX,0.46241242629321455,0.45937905925580297,0.13953488372093023,1.28629964941762,5.945779482146075,0.13043478260869565,3,23,0.85,17,20,2,295,3
RFAA_no_templates,7T6T,0.1574246377230798,0.1647268689604023,0.047058823529411764,3.177251784231271,15.004378633379929,0.06896551724137931,2,29,0.9642857142857143,54,56,13,296,4
RFAA_no_templates,7WQ3,0.17830820863157726,0.20140189054878857,0.13071895424836602,4.7996972007237195,12.52795138430267,0.2,10,50,0.9029126213592233,93,103,19,289,16
RFAA_no_templates,7WQ4,0.2054982549146421,0.21072489274468623,0.058394160583941604,3.8013118290661825,9.919908075592996,0.07407407407407407,4,54,0.9518072289156626,79,83,15,282,13
RFAA_no_templates,7XOW,0.46719665429970414,0.45804632750231855,0.4,2.0547746615080116,6.183323627317907,0.37254901960784315,19,51,0.5681818181818182,25,44,3,276,7
RFAA_no_templates,7RBT,0.6557585656501815,0.6451164300080459,0.7023809523809523,2.1548568869242803,2.1759780584753106,0.6704545454545454,59,88,0.2625,21,80,2,378,30
RFAA_no_templates,7FIN,0.6061919922712561,0.6325430824651946,0.6740331491712708,2.710006545420924,2.6727254552157573,0.7530864197530864,61,81,0.39,39,100,4,380,29
RFAA_no_templates,7W40,0.05951378897910286,0.05951378897910286,0.0,11.63607050786578,19.318398637557834,0.0,0,49,1.0,11,11,1,301,6
RFAA_no_templates,7W3Z,0.022828136154433774,0.022828136154433774,0.0,13.774834737615224,34.64869325493968,0.0,0,78,0.0,0,0,0,301,12
RFAA_no_templates,8DWG,0.15176773936605023,0.14817296812422018,0.05,4.919956186720662,12.383480723870017,0.0392156862745098,2,51,0.9310344827586207,27,29,7,247,13
RFAA_no_templates,7S8L,0.008452486116888173,0.008452486116888173,0.0,16.131492370994426,65.05484902881152,0.0,0,33,1.0,2,2,0,250,6
RFAA_no_templates,7VDM,0.007900624577577427,0.007900624577577427,0.0,15.800182574633151,69.42299478849674,0.0,0,18,0.0,0,0,0,253,3
RFAA_no_templates,7VV0,0.00887163875309012,0.00887163875309012,0.0,15.25132682421097,64.56898563745601,0.0,0,29,0.0,0,0,0,263,5
RFAA_no_templates,8IBV,0.02185093911562931,0.02185093911562931,0.0,13.026151846909107,36.12241019804934,0.0,0,60,1.0,125,125,32,279,19
RFAA_no_templates,7P00,0.301180847323298,0.29993706622877064,0.2537313432835821,3.0657318286671216,9.271736642888904,0.25,17,68,0.7424242424242424,49,66,3,288,11
RFAA_no_templates,7XWO,0.21745943337740092,0.22089258233791967,0.11214953271028037,3.7466822140578873,10.36520307910184,0.12244897959183673,6,49,0.896551724137931,52,58,5,272,11
RFAA_no_templates,8H0P,0.41219013691852296,0.4149117807914222,0.28169014084507044,2.321803037079474,6.095258950767898,0.2898550724637681,20,69,0.726027397260274,53,73,14,291,10
RFAA_no_templates,7W56,0.21577012351668542,0.21355563443095305,0.11009174311926606,3.6464221062448647,10.575011724305268,0.10344827586206896,6,58,0.8823529411764706,45,51,6,276,9
RFAA_no_templates,7W53,0.37612330250035725,0.3870444800882016,0.39316239316239315,4.297675349465743,6.561380866576763,0.42592592592592593,23,54,0.6349206349206349,40,63,16,264,8
RFAA_no_templates,7W55,0.18299181970306058,0.18012212191810853,0.13559322033898305,3.9008435483556445,13.477628450651968,0.12698412698412698,8,63,0.8545454545454545,47,55,8,303,9
RFAA_no_templates,7W57,0.16438627710050166,0.1660452021170909,0.13138686131386862,4.599952190383519,14.132120677818689,0.13636363636363635,9,66,0.8732394366197183,62,71,8,297,12
RFAA_no_templates,7VGX,0.6074809099848801,0.5961718104362937,0.591304347826087,1.7827213439168617,4.027845441211264,0.5573770491803278,34,61,0.37037037037037035,20,54,0,280,21
RFAA_no_templates,7YON,0.7231318148031599,0.7115878032591484,0.7619047619047619,1.4546581227426807,2.955382335287704,0.7272727272727273,48,66,0.2,12,60,1,302,24
RFAA_no_templates,7YOO,0.5965677289687868,0.5928489081071089,0.5578231292517006,1.82891645597642,3.8505131395456758,0.5466666666666666,41,75,0.4305555555555556,31,72,0,302,28
RFAA_no_templates,7X9C,0.5345406794000919,0.548120926313672,0.45925925925925926,2.163501520814443,3.98617994612869,0.5,31,62,0.5753424657534246,42,73,5,302,35
RFAA_no_templates,8F7W,0.017089498646165116,0.017089498646165116,0.0,11.428328651517976,45.07928700131171,0.0,0,47,1.0,80,80,20,286,8
RFAA_no_templates,8F7Q,0.0096876276228462,0.0096876276228462,0.0,19.00862133807029,55.55452246683304,0.0,0,61,1.0,103,103,16,287,21
RFAA_no_templates,8F7R,0.47133829511012854,0.46122634133620294,0.3380281690140845,1.6491135521752527,6.608932119551065,0.3076923076923077,12,39,0.625,20,32,3,287,4
RFAA_no_templates,8EFQ,0.14356135360419894,0.14356135360419894,0.0,2.873920317263445,16.165673258171267,0.0,0,13,1.0,15,15,4,283,2
RFAA_no_templates,8F7X,0.010599363977728206,0.010599363977728206,0.0,17.13795356252309,53.97979136170687,0.0,0,61,1.0,37,37,7,285,14
RFAA_no_templates,7RYC,0.6212556646528364,0.6145889979861697,0.52,1.6139116300392555,3.1343783225501145,0.5,26,52,0.4583333333333333,22,48,3,285,9
RFAA_no_templates,7T10,0.00888924546438352,0.00888924546438352,0.0,18.507332875922224,59.286089445887,0.0,0,71,1.0,8,8,1,287,14
RFAA_no_templates,7T11,0.0183472906457017,0.0183472906457017,0.0,10.139251913832286,45.568487448453276,0.0,0,31,1.0,9,9,2,285,5
RFAA_no_templates,7XAV,0.46051663315953695,0.4387396296752164,0.24390243902439024,2.126145244980381,4.179179907664009,0.17857142857142858,5,28,0.6153846153846154,8,13,0,280,5
RFAA_no_templates,7XMS,0.008246328890948958,0.008246328890948958,0.0,18.955179567761235,61.88562884249163,0.0,0,47,1.0,7,7,1,276,12
RFAA_no_templates,7VQX,0.4723262903174413,0.44999547905220383,0.5573770491803278,4.428080292516849,4.820258737176451,0.49038461538461536,51,104,0.35443037974683544,28,79,2,361,27
AF2,7SK4,0.7786770449413298,0.7798985697681721,0.8281938325991189,1.3408321690481735,1.9089602442375493,0.831858407079646,94,113,0.17543859649122806,20,114,0,305,69
AF2,8GY7,0.6305856536632257,0.6112291931302947,0.7051282051282052,1.756447994355347,4.712484122378008,0.6470588235294118,55,85,0.22535211267605634,16,71,0,274,18
AF2,7EIB,0.8145503527969327,0.808614556309955,0.7716535433070866,0.9465631606518098,1.8061462935756896,0.7538461538461538,49,65,0.20967741935483872,13,62,0,295,9
AF2,7F6I,0.6587221879755512,0.6439073731607364,0.7111111111111111,1.950386807872593,2.9361114791473697,0.6666666666666666,48,72,0.23809523809523808,15,63,0,305,10
AF2,8IA8,0.6871014778480881,0.704914441727356,0.574468085106383,1.27293020436901,2.7460371421308043,0.627906976744186,27,43,0.47058823529411764,24,51,0,286,8
AF2,8HK2,0.6964714761034441,0.7276137174827545,0.7034482758620689,1.6081460748213952,2.4942586318473903,0.796875,51,64,0.37037037037037035,30,81,0,284,73
AF2,7Y67,0.66144761753755,0.6925480960064494,0.5909090909090909,1.5278353551168302,2.7918120009515732,0.6842105263157895,13,19,0.48,12,25,0,278,3
AF2,7Y66,0.6243610498497915,0.6537867736276747,0.6326530612244898,1.8644521967555057,3.605679858766433,0.7209302325581395,31,43,0.43636363636363634,24,55,0,281,7
AF2,7Y64,0.715109232739159,0.7518111787958336,0.7413793103448276,1.6069379546658435,2.1791660224924505,0.8514851485148515,86,101,0.3435114503816794,45,131,0,293,74
AF2,8F0K,0.7645082898279464,0.7709455690805384,0.8432835820895522,1.472536810028368,2.1283251971355774,0.8625954198473282,113,131,0.17518248175182483,24,137,0,369,37
AF2,7TYO,0.7701656411008897,0.7811058761596543,0.813953488372093,1.407083568212985,1.628013640712137,0.8467741935483871,105,124,0.21641791044776118,29,134,0,359,32
AF2,7VL9,0.8004869360111199,0.8119493866040052,0.7565217391304347,1.0603995783672315,1.2700117549433099,0.7909090909090909,87,110,0.275,33,120,0,302,65
AF2,7XA3,0.7089948641787648,0.7347715566221239,0.6263736263736264,1.3228509157790254,2.183398940245085,0.7037037037037037,57,81,0.43564356435643564,44,101,0,295,69
AF2,7YKD,0.4925664560140927,0.4875967261866778,0.3697478991596639,1.8323226674326205,5.475971020078422,0.3548387096774194,22,62,0.6140350877192983,35,57,0,282,9
AF2,8IC0,0.659492821124929,0.6936588162901183,0.6235294117647059,1.7485554326187212,2.3137337381613126,0.726027397260274,53,73,0.4536082474226804,44,97,0,302,69
AF2,8HCQ,0.759932947636437,0.7864081226264635,0.7227722772277227,1.2752991599950447,1.3160430420078484,0.8021978021978022,73,91,0.34234234234234234,38,111,0,303,21
AF2,7VFX,0.9284770449185521,0.9479978967375406,0.8979591836734694,0.4979364507156031,0.9857239336228758,0.9565217391304348,22,23,0.15384615384615385,4,26,0,295,3
AF2,7T6T,0.8953043119611944,0.9153265589022398,0.8709677419354839,0.63709286267439,1.5511655355384948,0.9310344827586207,27,29,0.18181818181818182,6,33,0,296,4
AF2,7WQ3,0.8498648283942285,0.8710993962954632,0.7962962962962963,0.7843875487964035,1.5447013398572442,0.86,43,50,0.25862068965517243,15,58,0,289,16
AF2,7WQ4,0.8429371554384143,0.8605968441125958,0.8173913043478261,0.929916584945423,0.8943858875878608,0.8703703703703703,47,54,0.22950819672131148,14,61,0,282,13
AF2,7XOW,0.01979671402202071,0.01979671402202071,0.0,10.155634850609705,42.744056129104365,0.0,0,51,1.0,32,32,0,276,7
AF2,7RBT,0.6192181809372368,0.6538341425333963,0.7029702970297029,2.3884696196623727,3.25900587733003,0.8068181818181818,71,88,0.37719298245614036,43,114,0,378,30
AF2,7FIN,0.6437887927379391,0.6675036563774731,0.768361581920904,2.9515939662717448,1.7853116795542754,0.8395061728395061,68,81,0.2916666666666667,28,96,0,380,29
AF2,7W40,0.7671972593070505,0.7671972593070505,0.6326530612244898,0.9824700192972636,1.5165788460901335,0.6326530612244898,31,49,0.3673469387755102,18,49,0,301,6
AF2,7W3Z,0.7914651842133241,0.8050153197146791,0.7926829268292683,1.100636503682936,2.3016347721421178,0.8333333333333334,65,78,0.2441860465116279,21,86,0,301,12
AF2,8DWG,0.18361017043550124,0.18405436105673356,0.13592233009708737,4.920547539530164,12.114829533009624,0.13725490196078433,7,51,0.8653846153846154,45,52,0,247,13
AF2,7S8L,0.33128520331107064,0.32907560735147473,0.21875,2.515480802943272,8.285184796332246,0.21212121212121213,7,33,0.7741935483870968,24,31,0,250,6
AF2,7VDM,0.6463469314308233,0.606117046373352,0.6206896551724138,1.435723765219252,4.296870746032459,0.5,9,18,0.18181818181818182,2,11,0,253,3
AF2,7VV0,0.35925226247863584,0.35925226247863584,0.13793103448275862,2.0444886170016705,7.087200135576725,0.13793103448275862,4,29,0.8620689655172413,25,29,0,263,5
AF2,8IBV,0.7345688407959318,0.7742513804784714,0.7142857142857143,1.4966324823556894,0.9249600964834309,0.8333333333333334,50,60,0.375,30,80,0,279,19
AF2,7P00,0.7645487212513643,0.740198330688635,0.7642276422764228,1.3101352601760619,1.6856338123326877,0.6911764705882353,47,68,0.14545454545454545,8,55,0,288,11
AF2,7XWO,0.5985600880850779,0.6103340284304468,0.5769230769230769,1.9855176462787631,3.494746981366736,0.6122448979591837,30,49,0.45454545454545453,25,55,0,272,11
AF2,8H0P,0.7937488515260996,0.8062287227016229,0.8611111111111112,1.3187031621494751,1.8217836025762526,0.8985507246376812,62,69,0.17333333333333334,13,75,0,291,10
AF2,7W56,0.79340610831778,0.8040929136754317,0.743801652892562,1.058679894654221,1.5223543787999065,0.7758620689655172,45,58,0.2857142857142857,18,63,0,276,9
AF2,7W53,0.7477772084046156,0.75215431278172,0.7090909090909091,1.3235786507024438,1.4426038917877486,0.7222222222222222,39,54,0.30357142857142855,17,56,0,264,8
AF2,7W55,0.8698501510849255,0.8825966638314382,0.803030303030303,0.686418200227707,1.224471267464862,0.8412698412698413,53,63,0.2318840579710145,16,69,0,303,9
AF2,7W57,0.794723218506672,0.8072396875448802,0.8260869565217391,1.0641279732215474,2.9443140956728553,0.8636363636363636,57,66,0.20833333333333334,15,72,0,297,12
AF2,7VGX,0.7754901840607742,0.7900197727420974,0.7596899224806202,1.228772333307298,1.536513628514999,0.8032786885245902,49,61,0.27941176470588236,19,68,0,280,21
AF2,7YON,0.8096806750156985,0.8201872001207637,0.8321167883211679,1.169898553529845,1.3569356729117004,0.8636363636363636,57,66,0.19718309859154928,14,71,0,302,24
AF2,7YOO,0.8165015394962006,0.8241205871152483,0.8571428571428571,1.1602369526069918,1.577774947864503,0.88,66,75,0.16455696202531644,13,79,0,302,28
AF2,7X9C,0.6413224985575685,0.6704920249817278,0.6382978723404256,1.8077529153213825,3.1698003804230184,0.7258064516129032,45,62,0.43037974683544306,34,79,0,302,35
AF2,8F7W,0.3898663902411436,0.3942043369463697,0.13592233009708737,1.9284470898614872,6.145393597232385,0.14893617021276595,7,47,0.875,49,56,0,286,8
AF2,8F7Q,0.5886505036961186,0.6010927063022556,0.5692307692307692,1.6311538125699123,5.05756135039752,0.6065573770491803,37,61,0.463768115942029,32,69,0,287,21
AF2,8F7R,0.6575979477988442,0.6380619282628245,0.5714285714285714,1.1221341216348784,4.7740899621855695,0.5128205128205128,20,39,0.3548387096774194,11,31,0,287,4
AF2,8EFQ,0.4820295409678737,0.4789526178909506,0.24,1.2743224763112768,6.580163925123305,0.23076923076923078,3,13,0.75,9,12,0,283,2
AF2,8F7X,0.7873646308049892,0.7873646308049892,0.7213114754098361,1.066571613387955,1.3160091899330648,0.7213114754098361,44,61,0.2786885245901639,17,61,0,285,14
AF2,7RYC,0.7242435420742878,0.7416428094735551,0.6785714285714286,1.340478507621264,2.182008699145111,0.7307692307692307,38,52,0.36666666666666664,22,60,0,285,9
AF2,7T10,0.8103056917586642,0.8237600195149107,0.8187919463087249,1.0429173367345554,2.185245925167592,0.8591549295774648,61,71,0.21794871794871795,17,78,0,287,14
AF2,7T11,0.7346849554343869,0.738269184825068,0.6666666666666666,1.2688635219405195,1.8560615443886088,0.6774193548387096,21,31,0.34375,11,32,0,285,5
AF2,7XAV,0.6987464405793492,0.7194837677682893,0.5806451612903226,1.414568693576688,1.0015071359647751,0.6428571428571429,18,28,0.47058823529411764,16,34,0,280,5
AF2,7XMS,0.5696862956753037,0.6038808245506837,0.5357142857142857,1.9104043642133408,4.356454652697713,0.6382978723404256,30,47,0.5384615384615384,35,65,0,276,12
AF2,7VQX,0.697724523280019,0.6989206955288229,0.7464114832535885,1.932078844075493,1.4769665350123007,0.75,78,104,0.2571428571428571,27,105,0,361,27
AF2_no_templates,7SK4,0.6883993661589264,0.686424018497738,0.6696428571428571,1.592474412503211,2.412816283640779,0.6637168141592921,75,113,0.32432432432432434,36,111,0,305,69
AF2_no_templates,8GY7,0.4223620103519528,0.39235348520276275,0.4782608695652174,3.02306844804424,7.067220545001369,0.38823529411764707,33,85,0.37735849056603776,20,53,0,274,18
AF2_no_templates,7EIB,0.8181002523005351,0.8040914968283651,0.7804878048780488,0.9430314584454055,1.7996897742119848,0.7384615384615385,48,65,0.1724137931034483,10,58,0,295,9
AF2_no_templates,7F6I,0.613109708728121,0.6024649398716733,0.656934306569343,2.154996322621417,3.485941814315636,0.625,45,72,0.3076923076923077,20,65,0,305,10
AF2_no_templates,8IA8,0.6305682036606369,0.6421961106373811,0.5,1.3983907116147625,3.4765176148678156,0.5348837209302325,23,43,0.5306122448979592,26,49,0,286,8
AF2_no_templates,8HK2,0.6893628297474766,0.7177193112289583,0.6805555555555556,1.6171702016989495,2.419157008523723,0.765625,49,64,0.3875,31,80,0,284,73
AF2_no_templates,7Y67,0.6546788047278124,0.6833869386991043,0.5454545454545454,1.4390925831917265,2.866781803709511,0.631578947368421,12,19,0.52,13,25,0,278,3
AF2_no_templates,7Y66,0.7728927023048068,0.8227910992341362,0.7572815533980582,1.088747979040712,2.7307375259696234,0.9069767441860465,39,43,0.35,21,60,0,281,7
AF2_no_templates,7Y64,0.7162685408527656,0.7544702150974434,0.7467811158798283,1.5715820718028342,2.4148277498524515,0.8613861386138614,87,101,0.3409090909090909,45,132,0,293,74
AF2_no_templates,8F0K,0.744524150082318,0.7489244638438212,0.8646616541353384,1.6637511276490862,2.497459522975386,0.8778625954198473,115,131,0.14814814814814814,20,135,0,369,37
AF2_no_templates,7TYO,0.7944107769469699,0.806626910130845,0.8262548262548263,1.2591192495840746,1.486225851502839,0.8629032258064516,107,124,0.2074074074074074,28,135,0,359,32
AF2_no_templates,7VL9,0.804006915681073,0.8146063599049712,0.777292576419214,1.0825539161605342,1.298266878493751,0.8090909090909091,89,110,0.25210084033613445,30,119,0,302,65
AF2_no_templates,7XA3,0.7265126189040174,0.750792454294964,0.6555555555555556,1.2924040143695368,1.949051869821351,0.7283950617283951,59,81,0.40404040404040403,40,99,0,295,69
AF2_no_templates,7YKD,0.41693153321239335,0.4106201727635856,0.2608695652173913,2.0434704833378454,6.378147254251693,0.24193548387096775,15,62,0.7169811320754716,38,53,0,282,9
AF2_no_templates,8IC0,0.6603170160871668,0.6926317333333908,0.6153846153846154,1.7191673902634956,2.2717023803794176,0.7123287671232876,52,73,0.4583333333333333,44,96,0,302,69
AF2_no_templates,8HCQ,0.7640221779548829,0.7880881120208171,0.73,1.26453497970152,1.289399496838619,0.8021978021978022,73,91,0.3302752293577982,36,109,0,303,21
AF2_no_templates,7VFX,0.4964345441699433,0.4964345441699433,0.13043478260869565,1.1881767567728996,4.980623657211063,0.13043478260869565,3,23,0.8695652173913043,20,23,0,295,3
AF2_no_templates,7T6T,0.4337534893360242,0.4327452215400976,0.17543859649122806,1.5416034307484245,6.38195443893423,0.1724137931034483,5,29,0.8214285714285714,23,28,0,296,4
AF2_no_templates,7WQ3,0.8499692311320312,0.8712037990332657,0.7962962962962963,0.783917720013191,1.5419235939004006,0.86,43,50,0.25862068965517243,15,58,0,289,16
AF2_no_templates,7WQ4,0.8416155619341886,0.8572101038445199,0.8421052631578947,0.9915124104713707,0.98254819350465,0.8888888888888888,48,54,0.2,12,60,0,282,13
AF2_no_templates,7XOW,0.6005648921690755,0.5899439771363958,0.5416666666666666,1.680199099332656,4.029443718489221,0.5098039215686274,26,51,0.4222222222222222,19,45,0,276,7
AF2_no_templates,7RBT,0.6045106781922782,0.626865050935252,0.694300518134715,2.549948749049685,3.398778007665973,0.7613636363636364,67,88,0.3619047619047619,38,105,0,378,30
AF2_no_templates,7FIN,0.6285337009423809,0.6592848428046337,0.7472527472527473,3.047370961570831,2.0836553907844357,0.8395061728395061,68,81,0.32673267326732675,33,101,0,380,29
AF2_no_templates,7W40,0.8366224853041091,0.8312369977757644,0.7916666666666666,0.876358612338256,1.4246716924226757,0.7755102040816326,38,49,0.19148936170212766,9,47,0,301,6
AF2_no_templates,7W3Z,0.8169192541648118,0.8308863169123625,0.8170731707317073,1.030759805539564,1.8572696445576546,0.8589743589743589,67,78,0.22093023255813954,19,86,0,301,12
AF2_no_templates,8DWG,0.18334919943809447,0.18045962255470951,0.12631578947368421,4.811476985552263,11.97184100272139,0.11764705882352941,6,51,0.8636363636363636,38,44,0,247,13
AF2_no_templates,7S8L,0.31203691709092174,0.303677460455603,0.20689655172413793,2.594668788136696,8.86976598144922,0.18181818181818182,6,33,0.76,19,25,0,250,6
AF2_no_templates,7VDM,0.58876325477675,0.5530033569478866,0.5517241379310345,1.557841413376913,5.123841162443945,0.4444444444444444,8,18,0.2727272727272727,3,11,0,253,3
AF2_no_templates,7VV0,0.36496112735307107,0.3641545131163298,0.14035087719298245,2.0223935198070073,6.945323938074981,0.13793103448275862,4,29,0.8571428571428571,24,28,0,263,5
AF2_no_templates,8IBV,0.7340242844300641,0.7695315308068755,0.7101449275362319,1.4918594090762216,0.8878626089026054,0.8166666666666667,49,60,0.3717948717948718,29,78,0,279,19
AF2_no_templates,7P00,0.8799211090414362,0.8799211090414362,0.8382352941176471,0.6831396304646165,1.4075307389174618,0.8382352941176471,57,68,0.16176470588235295,11,68,0,288,11
AF2_no_templates,7XWO,0.5814506440731687,0.5986163888757626,0.5607476635514018,2.0245526980800177,3.85764221786936,0.6122448979591837,30,49,0.4827586206896552,28,58,0,272,11
AF2_no_templates,8H0P,0.7854864940900489,0.7915508378047164,0.8368794326241135,1.3203189181044535,1.8207657929627274,0.855072463768116,59,69,0.18055555555555555,13,72,0,291,10
AF2_no_templates,7W56,0.7777078725529339,0.7857538495644283,0.7,1.062429007176628,1.5653514206099135,0.7241379310344828,42,58,0.3225806451612903,20,62,0,276,9
AF2_no_templates,7W53,0.7500342913061817,0.7588526334578573,0.7142857142857143,1.3189610995562622,1.44639284511673,0.7407407407407407,40,54,0.3103448275862069,18,58,0,264,8
AF2_no_templates,7W55,0.8694646324011308,0.8822111451476435,0.803030303030303,0.6865005568094754,1.258533181571686,0.8412698412698413,53,63,0.2318840579710145,16,69,0,303,9
AF2_no_templates,7W57,0.7860789101477597,0.7962167852491384,0.8029197080291971,1.0649263621318847,2.9816024532834686,0.8333333333333334,55,66,0.22535211267605634,16,71,0,297,12
AF2_no_templates,7VGX,0.708194081417426,0.7206480145728459,0.6511627906976745,1.3994184216226895,2.170791392247632,0.6885245901639344,42,61,0.38235294117647056,26,68,0,280,21
AF2_no_templates,7YON,0.8049949610457237,0.8279164839672465,0.8251748251748252,1.1845556574305685,1.3913054640899807,0.8939393939393939,59,66,0.23376623376623376,18,77,0,302,24
AF2_no_templates,7YOO,0.8148266311144772,0.8244323658815023,0.864516129032258,1.1867217145250462,1.6205721253947571,0.8933333333333333,67,75,0.1625,13,80,0,302,28
AF2_no_templates,7X9C,0.6232542002827656,0.6416532444882613,0.6222222222222222,1.944199135459203,3.2214966629947184,0.6774193548387096,42,62,0.4246575342465753,31,73,0,302,35
AF2_no_templates,8F7W,0.3916959345361666,0.39811905777984385,0.1509433962264151,2.0035633538161663,6.033444731651647,0.1702127659574468,8,47,0.864406779661017,51,59,0,286,8
AF2_no_templates,8F7Q,0.17605428677684956,0.17247252620376788,0.4369747899159664,10.324236378332406,30.860127703297653,0.4262295081967213,26,61,0.5517241379310345,32,58,0,287,21
AF2_no_templates,8F7R,0.46050987575460894,0.4533873686321018,0.2777777777777778,1.5963068731399241,6.446765823660227,0.2564102564102564,10,39,0.696969696969697,23,33,0,287,4
AF2_no_templates,8EFQ,0.7286050479828345,0.745088564466351,0.6428571428571429,1.0272472233451648,3.397838916898657,0.6923076923076923,9,13,0.4,6,15,0,283,2
AF2_no_templates,8F7X,0.8391466594947518,0.8485143409935808,0.8571428571428571,1.0258258547434114,1.2461889070906043,0.8852459016393442,54,61,0.16923076923076924,11,65,0,285,14
AF2_no_templates,7RYC,0.7619957871506692,0.7978932230481051,0.7,1.1167094687855643,2.0978139403269576,0.8076923076923077,42,52,0.38235294117647056,26,68,0,285,9
AF2_no_templates,7T10,0.7490555074792112,0.7378707518868334,0.7941176470588235,1.4283842955256496,2.356829610050004,0.7605633802816901,54,71,0.16923076923076924,11,65,0,287,14
AF2_no_templates,7T11,0.6683170175639209,0.661506981721627,0.6333333333333333,1.7743815459493115,1.8487646153654456,0.6129032258064516,19,31,0.3448275862068966,10,29,0,285,5
AF2_no_templates,7XAV,0.679751818365494,0.6682962927590251,0.6415094339622641,1.7661414470179677,1.2541556422276046,0.6071428571428571,17,28,0.32,8,25,0,280,5
AF2_no_templates,7XMS,0.6497992731288345,0.6983248423710892,0.6842105263157895,1.7118841055919831,3.834973288537958,0.8297872340425532,39,47,0.417910447761194,28,67,0,276,12
AF2_no_templates,7VQX,0.6737152064197746,0.6627076954122635,0.6868686868686869,1.985840120438411,1.4690477266356015,0.6538461538461539,68,104,0.2765957446808511,26,94,0,361,27
ESMFold,7SK4,0.004268301718191551,0.004268301718191551,0.0,28.52396403332693,84.3734495211138,0.0,0,113,1.0,11,11,0,305,69
ESMFold,8GY7,0.007475919266726676,0.007475919266726676,0.0,20.776344249133267,64.1718329393445,0.0,0,85,1.0,1,1,0,274,18
ESMFold,7EIB,0.012866924327158595,0.012866924327158595,0.0,13.111029317193088,52.3558488669938,0.0,0,65,1.0,7,7,0,295,9
ESMFold,7F6I,0.011848656104971387,0.011848656104971387,0.0,13.899156614859345,54.16639100146451,0.0,0,72,1.0,2,2,0,305,10
ESMFold,8IA8,0.011306798471719044,0.011306798471719044,0.0,14.103972915528203,55.727356167742506,0.0,0,43,1.0,1,1,0,286,8
ESMFold,8HK2,0.004100975296330108,0.004100975296330108,0.0,28.368221270542687,86.72456115602708,0.0,0,64,0.0,0,0,0,284,73
ESMFold,7Y67,0.014014506574037014,0.014014506574037014,0.0,10.743567933320207,55.49427504696571,0.0,0,19,1.0,1,1,0,278,3
ESMFold,7Y66,0.010882427196895883,0.010882427196895883,0.0,14.807038137057313,56.0393084148226,0.0,0,43,0.0,0,0,0,281,7
ESMFold,7Y64,0.0036444811305483466,0.0036444811305483466,0.0,32.106062646368734,90.44211596813687,0.0,0,101,1.0,2,2,0,293,74
ESMFold,8F0K,0.006416752277999055,0.006416752277999055,0.0,26.04377805543276,66.77750020299867,0.0,0,131,0.0,0,0,0,369,37
ESMFold,7TYO,0.006836312239063096,0.006836312239063096,0.0,24.528937215224204,65.05868252301809,0.0,0,124,1.0,6,6,0,359,32
ESMFold,7VL9,0.004359981318393315,0.004359981318393315,0.0,28.490570715084715,83.25649870323707,0.0,0,110,1.0,5,5,1,302,65
ESMFold,7XA3,0.004346491349751235,0.004346491349751235,0.0,27.098514069891596,84.63887230960955,0.0,0,81,0.0,0,0,0,295,69
ESMFold,7YKD,0.012648905933724905,0.012648905933724905,0.0,13.822606821145028,51.71169492833426,0.0,0,62,1.0,13,13,0,282,9
ESMFold,8IC0,0.0037959794760238454,0.0037959794760238454,0.0,28.728707123950056,90.89475158135497,0.0,0,73,1.0,9,9,2,302,69
ESMFold,8HCQ,0.007158870448991936,0.007158870448991936,0.0,22.438617736062067,64.5820142554425,0.0,0,91,1.0,3,3,0,303,21
ESMFold,7VFX,0.3569421216865663,0.35517471270812867,0.04878048780487805,1.8668412511264565,6.517874276872125,0.043478260869565216,1,23,0.9444444444444444,17,18,0,295,3
ESMFold,7T6T,0.28370417813698406,0.28370417813698406,0.0,2.240374426883113,7.820058843288841,0.0,0,29,1.0,20,20,2,296,4
ESMFold,7WQ3,0.00755031233484956,0.00755031233484956,0.0,22.49905059074646,62.38520370228787,0.0,0,50,1.0,4,4,1,289,16
ESMFold,7WQ4,0.0072219591530071564,0.0072219591530071564,0.0,21.837035815678057,64.6943242097137,0.0,0,54,1.0,3,3,1,282,13
ESMFold,7XOW,0.01534671445257021,0.01534671445257021,0.0,11.60746205436316,48.65604938270069,0.0,0,51,1.0,13,13,0,276,7
ESMFold,7RBT,0.006124127636449306,0.006124127636449306,0.0,26.516009458353384,68.45821521057724,0.0,0,88,1.0,10,10,1,378,30
ESMFold,7FIN,0.005116597598397588,0.005116597598397588,0.0,28.79052433008328,75.11669990887081,0.0,0,81,1.0,2,2,0,380,29
ESMFold,7W40,0.012377399967378985,0.012377399967378985,0.0,12.18369089177084,56.41002722269019,0.0,0,49,1.0,2,2,0,301,6
ESMFold,7W3Z,0.009384030449820065,0.009384030449820065,0.0,16.60428879925358,59.41339283502454,0.0,0,78,1.0,4,4,0,301,12
ESMFold,8DWG,0.00761451386572472,0.00761451386572472,0.0,21.832432585305554,62.52592963913416,0.0,0,51,1.0,3,3,0,247,13
ESMFold,7S8L,0.01139804684666351,0.01139804684666351,0.0,13.906123594931119,55.78146446037205,0.0,0,33,0.0,0,0,0,250,6
ESMFold,7VDM,0.009642218151686028,0.009642218151686028,0.0,14.346027477217959,62.583803475650484,0.0,0,18,0.0,0,0,0,253,3
ESMFold,7VV0,0.010688283210976326,0.010688283210976326,0.0,13.9843557960762,58.47822987352323,0.0,0,29,1.0,2,2,0,263,5
ESMFold,8IBV,0.003657580318730701,0.003657580318730701,0.0,30.53325401885605,91.45016361608444,0.0,0,60,0.0,0,0,0,279,19
ESMFold,7P00,0.008682033469640527,0.008682033469640527,0.0,17.53565692247875,61.43683980299355,0.0,0,68,1.0,10,10,0,288,11
ESMFold,7XWO,0.010381045436508142,0.010381045436508142,0.0,16.707086565198882,55.21901765191113,0.0,0,49,1.0,20,20,1,272,11
ESMFold,8H0P,0.010954684972748409,0.010954684972748409,0.0,14.516170034697675,56.28307304736838,0.0,0,69,0.0,0,0,0,291,10
ESMFold,7W56,0.005740305328081788,0.005740305328081788,0.0,20.2107932131602,77.97723547912351,0.0,0,58,0.0,0,0,0,276,9
ESMFold,7W53,0.007851310798782077,0.007851310798782077,0.0,16.825146882691215,67.37149525463145,0.0,0,54,0.0,0,0,0,264,8
ESMFold,7W55,0.009406543629001242,0.009406543629001242,0.0,15.476575351915091,61.21916402593301,0.0,0,63,1.0,1,1,0,303,9
ESMFold,7W57,0.016737551562918656,0.016737551562918656,0.0,12.607959929827631,43.823929104460476,0.0,0,66,0.0,0,0,0,297,12
ESMFold,7VGX,0.005186654006131846,0.005186654006131846,0.0,27.220669421415778,75.45016308073808,0.0,0,61,0.0,0,0,0,280,21
ESMFold,7YON,0.0049398606650857884,0.0049398606650857884,0.0,28.042898519341247,77.23585815812876,0.0,0,66,1.0,1,1,0,302,24
ESMFold,7YOO,0.004611721094690519,0.004611721094690519,0.0,28.866709038988223,80.07532638837857,0.0,0,75,1.0,7,7,1,302,28
ESMFold,7X9C,0.005186523506714167,0.005186523506714167,0.0,26.85870314126882,75.70223225277083,0.0,0,62,0.0,0,0,0,302,35
ESMFold,8F7W,0.019845223955224738,0.019845223955224738,0.0,10.6182516522539,41.657606396122866,0.0,0,47,0.0,0,0,0,286,8
ESMFold,8F7Q,0.008221756286585453,0.008221756286585453,0.0,20.53954572969432,60.494894833921826,0.0,0,61,1.0,10,10,1,287,21
ESMFold,8F7R,0.023790154939718772,0.023790154939718772,0.0,8.222267580673748,42.10330393097787,0.0,0,39,0.0,0,0,0,287,4
ESMFold,8EFQ,0.025598920853996232,0.025598920853996232,0.0,7.3311357283745515,43.600287534483066,0.0,0,13,0.0,0,0,0,283,2
ESMFold,8F7X,0.00869707261502112,0.00869707261502112,0.0,18.846808082167858,59.81098385984971,0.0,0,61,1.0,1,1,0,285,14
ESMFold,7RYC,0.012537027075878138,0.012537027075878138,0.0,14.056029485176076,51.66793408223701,0.0,0,52,0.0,0,0,0,285,9
ESMFold,7T10,0.009362542550090917,0.009362542550090917,0.0,18.04964292171512,57.71621474531886,0.0,0,71,1.0,7,7,0,287,14
ESMFold,7T11,0.0158567359768377,0.0158567359768377,0.0,10.926280750708095,49.12185303215362,0.0,0,31,1.0,1,1,0,285,5
ESMFold,7XAV,0.012155910794984908,0.012155910794984908,0.0,11.446657331031648,60.1390846552708,0.0,0,28,1.0,1,1,0,280,5
ESMFold,7XMS,0.009726515859240474,0.009726515859240474,0.0,17.53551140029365,56.78472707232452,0.0,0,47,1.0,9,9,1,276,12
ESMFold,7VQX,0.006177962144814055,0.006177962144814055,0.0,25.374852623811375,68.75968241214876,0.0,0,104,0.0,0,0,0,361,27
AF3,7SK4,0.6724045536715098,0.6689497714556656,0.5855855855855856,1.4838630285820147,2.3990024271767227,0.5752212389380531,65,113,0.4036697247706422,44,109,1,305,69
AF3,8GY7,0.45011026319669584,0.43492038977897435,0.6455696202531646,2.9035162530907153,8.600984269626268,0.6,51,85,0.3013698630136986,22,73,1,274,18
AF3,7EIB,0.8646238778818135,0.8775198054836236,0.8382352941176471,0.800736731092656,1.2923085760887711,0.8769230769230769,57,65,0.19718309859154928,14,71,0,295,9
AF3,7F6I,0.5493577550240868,0.5483217539880857,0.44755244755244755,1.7656512020568031,4.49668318052396,0.4444444444444444,32,72,0.5492957746478874,39,71,0,305,10
AF3,8IA8,0.820190792487189,0.8322493626852939,0.7777777777777778,0.9649370823247798,1.3472647088276872,0.813953488372093,35,43,0.2553191489361702,12,47,0,286,8
AF3,8HK2,0.7187560181667164,0.7464848914061529,0.7605633802816901,1.5669385640274958,2.54850260388188,0.84375,54,64,0.3076923076923077,24,78,0,284,73
AF3,7Y67,0.602687587077447,0.6272489905862189,0.4,1.455196126979059,2.943746783017873,0.47368421052631576,9,19,0.6538461538461539,17,26,0,278,3
AF3,7Y66,0.6600676842144618,0.6811793451084087,0.6808510638297872,1.83141579498459,2.866914598805171,0.7441860465116279,32,43,0.37254901960784315,19,51,1,281,7
AF3,7Y64,0.7564841452240838,0.7820206355246976,0.8144796380090498,1.3351461382262024,2.8799775065296864,0.8910891089108911,90,101,0.25,30,120,0,293,74
AF3,8F0K,0.5270841967652236,0.5423789304163934,0.8014440433212996,3.91818497235188,6.210128890796522,0.8473282442748091,111,131,0.23972602739726026,35,146,1,369,37
AF3,7TYO,0.7994739164783038,0.8100174083824082,0.8715953307392996,1.3351675379949748,1.5232695462494001,0.9032258064516129,112,124,0.15789473684210525,21,133,0,359,32
AF3,7VL9,0.7576661710573379,0.7755398228292947,0.7372881355932204,1.2598745356509753,1.9631737890139513,0.7909090909090909,87,110,0.30952380952380953,39,126,0,302,65
AF3,7XA3,0.771805829432675,0.7956465540803519,0.6815642458100558,1.0910796954019957,1.2183078855616085,0.7530864197530864,61,81,0.37755102040816324,37,98,0,295,69
AF3,7YKD,0.7622251112801411,0.744974059386733,0.7130434782608696,1.148079692248269,2.0889661045322403,0.6612903225806451,41,62,0.22641509433962265,12,53,0,282,9
AF3,8IC0,0.6712747146622684,0.7109535054038837,0.6206896551724138,1.5003382506091876,2.938479542217996,0.7397260273972602,54,73,0.46534653465346537,47,101,0,302,69
AF3,8HCQ,0.7580373225082573,0.7935281474727663,0.7177033492822966,1.2674932243382282,1.416370750958086,0.8241758241758241,75,91,0.3644067796610169,43,118,0,303,21
AF3,7VFX,0.523843030384899,0.5291668990628049,0.24489795918367346,1.2480730229986812,5.0944060856770825,0.2608695652173913,6,23,0.7692307692307693,20,26,1,295,3
AF3,7T6T,0.5018226157631386,0.5037707942162849,0.3389830508474576,1.4736933340794678,6.132919485531799,0.3448275862068966,10,29,0.6666666666666666,20,30,0,296,4
AF3,7WQ3,0.5468533613756293,0.5739758684981365,0.47863247863247865,1.997412466307657,4.232317406985047,0.56,28,50,0.582089552238806,39,67,1,289,16
AF3,7WQ4,0.19666268655318894,0.19486477213391526,0.11650485436893204,4.290422279721846,11.221913279383584,0.1111111111111111,6,54,0.8775510204081632,43,49,0,282,13
AF3,7XOW,0.7067986305970936,0.6946700678317813,0.7422680412371134,1.3662695959437974,3.825385676724938,0.7058823529411765,36,51,0.21739130434782608,10,46,0,276,7
AF3,7RBT,0.6721134077337462,0.6954687225398383,0.7253886010362695,2.1218771933093414,1.7856118319956855,0.7954545454545454,70,88,0.3333333333333333,35,105,0,378,30
AF3,7FIN,0.6488224967926637,0.678197482582628,0.7513812154696132,2.748178261282007,1.6054955317102708,0.8395061728395061,68,81,0.32,32,100,0,380,29
AF3,7W40,0.8255996220070777,0.8229346384878968,0.7835051546391752,0.9203726580597875,1.575035766669764,0.7755102040816326,38,49,0.20833333333333334,10,48,0,301,6
AF3,7W3Z,0.8155636401560216,0.819079814558272,0.8227848101265823,1.0490316012470926,1.9011387909068747,0.8333333333333334,65,78,0.1875,15,80,0,301,12
AF3,8DWG,0.16317365590262936,0.16317365590262936,0.0,4.432292521701607,10.703220873772246,0.0,0,51,1.0,39,39,1,247,13
AF3,7S8L,0.5642583468619312,0.5836522862558706,0.4266666666666667,1.5875209910422547,4.323823078527184,0.48484848484848486,16,33,0.6190476190476191,26,42,0,250,6
AF3,7VDM,0.5093583636777795,0.4992573535767693,0.36363636363636365,1.623861742125588,5.511256691759972,0.3333333333333333,6,18,0.6,9,15,0,253,3
AF3,7VV0,0.31819458546919277,0.31342867574113,0.04878048780487805,2.0785644714438205,7.483206550639974,0.034482758620689655,1,29,0.9166666666666666,11,12,0,263,5
AF3,8IBV,0.7500829379668176,0.785930464325293,0.7591240875912408,1.483988776995181,1.0216477324808146,0.8666666666666667,52,60,0.3246753246753247,25,77,0,279,19
AF3,7P00,0.22352078628419034,0.22306829759640753,0.03076923076923077,3.1108808021329533,9.375213583622912,0.029411764705882353,2,68,0.967741935483871,60,62,1,288,11
AF3,7XWO,0.38006415863720305,0.38791345220078227,0.38461538461538464,2.9687182400811665,7.65440142935962,0.40816326530612246,20,49,0.6363636363636364,35,55,0,272,11
AF3,8H0P,0.8021215118979851,0.8084942120727203,0.8794326241134752,1.3049141464702514,1.7860450361731965,0.8985507246376812,62,69,0.1388888888888889,10,72,1,291,10
AF3,7W56,0.16785552966908016,0.1595541248159512,0.1111111111111111,4.026303506417512,13.956047124156472,0.08620689655172414,5,58,0.84375,27,32,0,276,9
AF3,7W53,0.6634812267476705,0.6693203992535096,0.6306306306306306,1.6244667629929568,2.8398440279194,0.6481481481481481,35,54,0.38596491228070173,22,57,0,264,8
AF3,7W55,0.7486212693841249,0.7486212693841249,0.7777777777777778,1.4178561239657,2.1483213182041565,0.7777777777777778,49,63,0.2222222222222222,14,63,0,303,9
AF3,7W57,0.5554308956402463,0.5554308956402463,0.6363636363636364,2.0582290278863264,5.7902009348829555,0.6363636363636364,42,66,0.36363636363636365,24,66,0,297,12
AF3,7VGX,0.7593165958831901,0.761404649550612,0.7642276422764228,1.3045891065593065,2.0627527123402407,0.7704918032786885,47,61,0.24193548387096775,15,62,1,280,21
AF3,7YON,0.7996038116995606,0.8017303401418786,0.8421052631578947,1.2560991112416178,1.5228876362006265,0.8484848484848485,56,66,0.16417910447761194,11,67,0,302,24
AF3,7YOO,0.8333558824124451,0.8412058102623731,0.8831168831168831,1.1008855492743475,1.5695426154401604,0.9066666666666666,68,75,0.13924050632911392,11,79,0,302,28
AF3,7X9C,0.6256951470826636,0.6287673437032474,0.5714285714285714,1.8310397544033925,2.768898310867005,0.5806451612903226,36,62,0.4375,28,64,0,302,35
AF3,8F7W,0.5938046476142134,0.6185628681171148,0.43636363636363634,1.4982265424181407,3.6479796585898296,0.5106382978723404,24,47,0.6190476190476191,39,63,0,286,8
AF3,8F7Q,0.3671487113373419,0.4157065034103861,0.4936708860759494,3.3082366984209433,9.643015725313624,0.639344262295082,39,61,0.5979381443298969,58,97,0,287,21
AF3,8F7R,0.607598756519852,0.5899028374154822,0.5915492957746479,1.457990632809477,5.3395094972710515,0.5384615384615384,21,39,0.34375,11,32,0,287,4
AF3,8EFQ,0.42479209426708603,0.42479209426708603,0.23076923076923078,1.6463239152442382,7.08554375510313,0.23076923076923078,3,13,0.7692307692307693,10,13,0,283,2
AF3,8F7X,0.4038708796362465,0.4014628033187509,0.22033898305084745,2.2140569636119323,5.875503193834697,0.21311475409836064,13,61,0.7719298245614035,44,57,0,285,14
AF3,7RYC,0.18928902876036435,0.19009752956886516,0.036036036036036036,3.580434160540478,10.799424298173653,0.038461538461538464,2,52,0.9661016949152542,57,59,0,285,9
AF3,7T10,0.5761679312102782,0.5493348459780174,0.6016260162601627,2.0020797283679705,4.68021418061577,0.5211267605633803,37,71,0.28846153846153844,15,52,0,287,14
AF3,7T11,0.5911304581252027,0.5792654229008793,0.5517241379310345,2.177572101197874,2.8354952212478226,0.5161290322580645,16,31,0.4074074074074074,11,27,0,285,5
AF3,7XAV,0.6418575525800639,0.6061432668657781,0.5,1.642707829329852,1.4718624441120205,0.39285714285714285,11,28,0.3125,5,16,0,280,5
AF3,7XMS,0.5377796744374159,0.560763651322102,0.46296296296296297,2.0112875865654662,4.343235744708145,0.5319148936170213,25,47,0.5901639344262295,36,61,0,276,12
AF3,7VQX,0.7080293541976826,0.71044083160916,0.7523809523809524,1.8626563089820476,1.2654829883135104,0.7596153846153846,79,104,0.25471698113207547,27,106,0,361,27
