DockQ_F1,DockQ,F1,irms,Lrms,fnat,nat_correct,nat_total,fnonnat,nonnat_count,model_total,clashes,len1,len2,class1,class2,chain1,chain2,model,pdb
0.007306916791924008,0.007306916791924008,0.0,23.455163842971732,63.054887119307594,0.0,0,113,0.0,0,0,0,305,69,receptor,ligand,A,B,NeuralPLexer,7SK4
0.006358961612023224,0.006358961612023224,0.0,22.621747052452452,69.59107406108699,0.0,0,85,0.0,0,0,0,274,18,receptor,ligand,A,B,NeuralPLexer,8GY7
0.020877305147090228,0.020877305147090228,0.0,13.574748663217719,36.830527706923775,0.0,0,43,0.0,0,0,0,286,8,receptor,ligand,A,B,NeuralPLexer,8IA8
0.004527558691161788,0.004527558691161788,0.0,29.769454906346656,80.41189664340335,0.0,0,64,0.0,0,0,0,284,73,receptor,ligand,A,B,NeuralPLexer,8HK2
0.015761367581069222,0.015761367581069222,0.0,15.502857200023783,42.76223300779236,0.0,0,81,1.0,10,10,1,295,69,receptor,ligand,A,B,NeuralPLexer,7XA3
0.027930066508320448,0.027930066508320448,0.0,10.596765142799846,32.4665264191885,0.0,0,62,1.0,2,2,0,282,9,receptor,ligand,A,B,NeuralPLexer,7YKD
0.0035419079676801044,0.0035419079676801044,0.0,31.289271343021493,92.72719387616856,0.0,0,73,1.0,4,4,0,302,69,receptor,ligand,A,B,NeuralPLexer,8IC0
0.007217786025394188,0.007217786025394188,0.0,22.3901868391954,64.28011510937657,0.0,0,91,0.0,0,0,0,303,21,receptor,ligand,A,B,NeuralPLexer,8HCQ
0.025213639905124985,0.025213639905124985,0.0,12.229518393083255,33.4018580348193,0.0,0,50,1.0,3,3,0,289,16,receptor,ligand,A,B,NeuralPLexer,7WQ3
0.04371966708279431,0.04050283522746479,0.028169014084507043,10.17847859882126,28.49065551771627,0.018518518518518517,1,54,0.9411764705882353,16,17,2,282,13,receptor,ligand,A,B,NeuralPLexer,7WQ4
0.02828176920723204,0.02828176920723204,0.0,8.375350305672178,35.6584448443942,0.0,0,49,0.0,0,0,0,301,6,receptor,ligand,A,B,NeuralPLexer,7W40
0.022498645107378992,0.022498645107378992,0.0,11.526396638821971,36.726057354113976,0.0,0,78,1.0,4,4,0,301,12,receptor,ligand,A,B,NeuralPLexer,7W3Z
0.014641152663845492,0.014641152663845492,0.0,15.639347273278101,44.759464335754714,0.0,0,51,1.0,3,3,1,247,13,receptor,ligand,A,B,NeuralPLexer,8DWG
0.003550463414968627,0.003550463414968627,0.0,32.232001949901665,91.85553130191224,0.0,0,60,0.0,0,0,0,279,19,receptor,ligand,A,B,NeuralPLexer,8IBV
0.009333344643832559,0.009333344643832559,0.0,17.345518786733713,58.64234681879125,0.0,0,49,0.0,0,0,0,272,11,receptor,ligand,A,B,NeuralPLexer,7XWO
0.017776763670424814,0.017776763670424814,0.0,11.671760152147128,43.31409379258252,0.0,0,69,0.0,0,0,0,291,10,receptor,ligand,A,B,NeuralPLexer,8H0P
0.023098167995969077,0.023098167995969077,0.0,10.30581399815329,37.628740882607964,0.0,0,58,1.0,3,3,0,276,9,receptor,ligand,A,B,NeuralPLexer,7W56
0.019554292708037647,0.019554292708037647,0.0,16.627787570827856,36.82227061733087,0.0,0,54,1.0,1,1,0,264,8,receptor,ligand,A,B,NeuralPLexer,7W53
0.01482763702648592,0.01482763702648592,0.0,12.842307425556612,47.50364164419637,0.0,0,63,1.0,2,2,0,303,9,receptor,ligand,A,B,NeuralPLexer,7W55
0.013695206490880782,0.013695206490880782,0.0,14.631341970165899,47.773913714465785,0.0,0,66,0.0,0,0,0,297,12,receptor,ligand,A,B,NeuralPLexer,7W57
0.009097892463034893,0.009097892463034893,0.0,19.792847317541653,57.23000993145346,0.0,0,66,0.0,0,0,0,302,24,receptor,ligand,A,B,NeuralPLexer,7YON
0.006443751730030023,0.006443751730030023,0.0,23.928944634576485,67.9270845456483,0.0,0,75,1.0,5,5,0,302,28,receptor,ligand,A,B,NeuralPLexer,7YOO
0.03352492229524356,0.03352492229524356,0.0,12.775468861521146,27.539678311250572,0.0,0,62,1.0,18,18,1,302,35,receptor,ligand,A,B,NeuralPLexer,7X9C
0.03252461380043451,0.03252461380043451,0.0,9.000325924171412,30.852309194045436,0.0,0,47,0.0,0,0,0,286,8,receptor,ligand,A,B,NeuralPLexer,8F7W
0.01690936378207776,0.01690936378207776,0.0,14.59502787019357,41.492516828374924,0.0,0,61,0.0,0,0,0,287,21,receptor,ligand,A,B,NeuralPLexer,8F7Q
0.034393461376860064,0.034393461376860064,0.0,7.085246977533111,33.55985844906223,0.0,0,39,0.0,0,0,0,287,4,receptor,ligand,A,B,NeuralPLexer,8F7R
0.015330351853459863,0.015330351853459863,0.0,9.716319530392342,55.756354128096056,0.0,0,13,0.0,0,0,0,283,2,receptor,ligand,A,B,NeuralPLexer,8EFQ
0.01212080799632307,0.01212080799632307,0.0,18.727907992096092,48.34284241691244,0.0,0,61,0.0,0,0,0,285,14,receptor,ligand,A,B,NeuralPLexer,8F7X
0.0036240044901011763,0.0036240044901011763,0.0,29.028898943400357,93.42911621041577,0.0,0,47,0.0,0,0,0,276,12,receptor,ligand,A,B,NeuralPLexer,7XMS
0.020738288282907424,0.020738288282907424,0.0,19.277988569621083,34.83395347874672,0.0,0,104,1.0,9,9,0,361,27,receptor,ligand,A,B,NeuralPLexer,7VQX
0.2098810941905084,0.2074117606436111,0.334841628959276,6.039128479404762,15.264230952157453,0.3274336283185841,37,113,0.6574074074074074,71,108,4,305,69,receptor,ligand,A,B,RFAA,7SK4
0.3665453664946215,0.33619062917984827,0.3969465648854962,3.208044369822445,8.112943445229119,0.3058823529411765,26,85,0.43478260869565216,20,46,4,274,18,receptor,ligand,A,B,RFAA,8GY7
0.049498752557603075,0.049498752557603075,0.0,6.5791248045594735,25.6306904180001,0.0,0,43,1.0,11,11,1,286,8,receptor,ligand,A,B,RFAA,8IA8
0.041019278579314485,0.041019278579314485,0.0,12.61699447038015,24.287058165807466,0.0,0,64,1.0,16,16,1,284,73,receptor,ligand,A,B,RFAA,8HK2
0.3355293498908607,0.34763295676570943,0.23529411764705882,3.149620583280053,7.138369225013751,0.2716049382716049,22,81,0.7924528301886793,84,106,16,295,69,receptor,ligand,A,B,RFAA,7XA3
0.5983846808181218,0.6230167253540786,0.5390070921985816,1.6308996541128624,4.2780987232467265,0.6129032258064516,38,62,0.5189873417721519,41,79,8,282,9,receptor,ligand,A,B,RFAA,7YKD
0.5655884145003139,0.5830307696436816,0.5093167701863354,2.054861197587337,3.7121677797118884,0.5616438356164384,41,73,0.5340909090909091,47,88,3,302,69,receptor,ligand,A,B,RFAA,8IC0
0.3749954945803485,0.37696485138841496,0.26881720430107525,2.7850890839224096,6.495589384251457,0.27472527472527475,25,91,0.7368421052631579,70,95,11,303,21,receptor,ligand,A,B,RFAA,8HCQ
0.177263966741538,0.1903574919213941,0.10071942446043165,4.685332423675308,11.89286416183258,0.14,7,50,0.9213483146067416,82,89,8,289,16,receptor,ligand,A,B,RFAA,7WQ3
0.3797138096125767,0.4048658273019079,0.31343283582089554,2.7974290879491726,6.905614253364507,0.3888888888888889,21,54,0.7375,59,80,12,282,13,receptor,ligand,A,B,RFAA,7WQ4
0.012061386077615241,0.012061386077615241,0.0,13.644058849095552,53.92678013343552,0.0,0,49,0.0,0,0,0,301,6,receptor,ligand,A,B,RFAA,7W40
0.055913041569643905,0.04968593534253768,0.05714285714285714,13.875788526559358,25.636200827879502,0.038461538461538464,3,78,0.8888888888888888,24,27,5,301,12,receptor,ligand,A,B,RFAA,7W3Z
0.10601644961551922,0.10637955782176467,0.018518518518518517,5.8135896823095035,15.246510257516377,0.0196078431372549,1,51,0.9824561403508771,56,57,6,247,13,receptor,ligand,A,B,RFAA,8DWG
0.6281517540498799,0.6056027344420367,0.45098039215686275,1.4507280408574228,2.5609231977301343,0.38333333333333336,23,60,0.4523809523809524,19,42,3,279,19,receptor,ligand,A,B,RFAA,8IBV
0.2849239114972821,0.29081960310725946,0.24761904761904763,3.5249116827119877,9.324715744172982,0.2653061224489796,13,49,0.7678571428571429,43,56,2,272,11,receptor,ligand,A,B,RFAA,7XWO
0.3682556499156486,0.3607194180315905,0.24,2.511233697363295,6.914185967175198,0.21739130434782608,15,69,0.7321428571428571,41,56,5,291,10,receptor,ligand,A,B,RFAA,8H0P
0.18816645977543703,0.20747267493133215,0.1317365269461078,3.841292513172891,12.969975868495517,0.1896551724137931,11,58,0.8990825688073395,98,109,28,276,9,receptor,ligand,A,B,RFAA,7W56
0.07515639894708243,0.07683541129276143,0.032,6.918804693281521,20.347738416040965,0.037037037037037035,2,54,0.971830985915493,69,71,18,264,8,receptor,ligand,A,B,RFAA,7W53
0.09600372310290757,0.0905214766568057,0.04819277108433735,5.338395074358015,19.00812844585406,0.031746031746031744,2,63,0.9,18,20,2,303,9,receptor,ligand,A,B,RFAA,7W55
0.13524849166615519,0.1388559952736588,0.09523809523809523,5.0653232638682715,15.557605697924194,0.10606060606060606,7,66,0.9135802469135802,74,81,10,297,12,receptor,ligand,A,B,RFAA,7W57
0.36484227728401236,0.36249320516749844,0.31007751937984496,2.9890570094187825,7.18463835309934,0.30303030303030304,20,66,0.6825396825396826,43,63,4,302,24,receptor,ligand,A,B,RFAA,7YON
0.6231707446154976,0.6178130581619208,0.6027397260273972,1.7056099080868024,3.837973122523005,0.5866666666666667,44,75,0.38028169014084506,27,71,2,302,28,receptor,ligand,A,B,RFAA,7YOO
0.5253333150891963,0.5366115105779182,0.46616541353383456,2.165103051914978,4.441564848083942,0.5,31,62,0.5633802816901409,40,71,1,302,35,receptor,ligand,A,B,RFAA,7X9C
0.12170769673481552,0.12965095914616306,0.04,4.301097598859482,16.161099029031778,0.06382978723404255,3,47,0.970873786407767,100,103,29,286,8,receptor,ligand,A,B,RFAA,8F7W
0.11552503078514166,0.14871757618328516,0.11353711790393013,6.21174847824872,18.26984858506485,0.21311475409836064,13,61,0.9226190476190477,155,168,39,287,21,receptor,ligand,A,B,RFAA,8F7Q
0.4548445473270455,0.4462975387800369,0.3333333333333333,1.7058938266556576,7.010415196713827,0.3076923076923077,12,39,0.6363636363636364,21,33,3,287,4,receptor,ligand,A,B,RFAA,8F7R
0.5204376258750123,0.5204376258750123,0.3076923076923077,1.2956814783301882,5.818559011240254,0.3076923076923077,4,13,0.6923076923076923,9,13,0,283,2,receptor,ligand,A,B,RFAA,8EFQ
0.008933577816022458,0.008933577816022458,0.0,18.72992778698303,58.860704745422396,0.0,0,61,1.0,12,12,2,285,14,receptor,ligand,A,B,RFAA,8F7X
0.00569313167228985,0.00569313167228985,0.0,22.96765224485269,74.55274355961438,0.0,0,47,0.0,0,0,0,276,12,receptor,ligand,A,B,RFAA,7XMS
0.4795327910918368,0.45467091263879805,0.574585635359116,3.8913646994235886,5.108461983467655,0.5,52,104,0.3246753246753247,25,77,3,361,27,receptor,ligand,A,B,RFAA,7VQX
0.22911120720248035,0.2145109271154746,0.35353535353535354,5.539635980205726,14.13828734355761,0.30973451327433627,35,113,0.5882352941176471,50,85,4,305,69,receptor,ligand,A,B,RFAA_no_templates,7SK4
0.39271364610960946,0.3543769321136662,0.3620689655172414,2.8247953016497047,6.996470030574427,0.24705882352941178,21,85,0.3225806451612903,10,31,3,274,18,receptor,ligand,A,B,RFAA_no_templates,8GY7
0.008042351062940564,0.008042351062940564,0.0,16.786762892275846,66.22714423173868,0.0,0,43,0.0,0,0,0,286,8,receptor,ligand,A,B,RFAA_no_templates,8IA8
0.020403188470834627,0.020403188470834627,0.0,15.417161318429848,36.354804102855795,0.0,0,64,1.0,655,655,156,284,73,receptor,ligand,A,B,RFAA_no_templates,8HK2
0.5167419170462757,0.5158473026250913,0.43478260869565216,2.0766339671084113,4.6116889514731225,0.43209876543209874,35,81,0.5625,45,80,6,295,69,receptor,ligand,A,B,RFAA_no_templates,7XA3
0.39918714381810877,0.4121513777844017,0.28368794326241137,2.1732075704293057,7.0682823493412235,0.3225806451612903,20,62,0.7468354430379747,59,79,13,282,9,receptor,ligand,A,B,RFAA_no_templates,7YKD
0.5726900550336064,0.5937391696343414,0.5121951219512195,1.9515963624128227,3.7852019222530973,0.5753424657534246,42,73,0.5384615384615384,49,91,6,302,69,receptor,ligand,A,B,RFAA_no_templates,8IC0
0.04584064998995829,0.04584064998995829,0.0,8.945537270293517,24.156401359795005,0.0,0,91,1.0,72,72,15,303,21,receptor,ligand,A,B,RFAA_no_templates,8HCQ
0.17830820863157726,0.20140189054878857,0.13071895424836602,4.7996972007237195,12.52795138430267,0.2,10,50,0.9029126213592233,93,103,19,289,16,receptor,ligand,A,B,RFAA_no_templates,7WQ3
0.23814318609103072,0.2586199847287489,0.1793103448275862,3.898368377573988,10.277932131835936,0.24074074074074073,13,54,0.8571428571428571,78,91,17,282,13,receptor,ligand,A,B,RFAA_no_templates,7WQ4
0.05951378897910286,0.05951378897910286,0.0,11.63607050786578,19.318398637557834,0.0,0,49,1.0,11,11,1,301,6,receptor,ligand,A,B,RFAA_no_templates,7W40
0.022828136154433774,0.022828136154433774,0.0,13.774834737615224,34.64869325493968,0.0,0,78,0.0,0,0,0,301,12,receptor,ligand,A,B,RFAA_no_templates,7W3Z
0.15176773936605023,0.14817296812422018,0.05,4.919956186720662,12.383480723870017,0.0392156862745098,2,51,0.9310344827586207,27,29,7,247,13,receptor,ligand,A,B,RFAA_no_templates,8DWG
0.02185093911562931,0.02185093911562931,0.0,13.026151846909107,36.12241019804934,0.0,0,60,1.0,125,125,32,279,19,receptor,ligand,A,B,RFAA_no_templates,8IBV
0.21745943337740092,0.22089258233791967,0.11214953271028037,3.7466822140578873,10.36520307910184,0.12244897959183673,6,49,0.896551724137931,52,58,5,272,11,receptor,ligand,A,B,RFAA_no_templates,7XWO
0.41219013691852296,0.4149117807914222,0.28169014084507044,2.321803037079474,6.095258950767898,0.2898550724637681,20,69,0.726027397260274,53,73,14,291,10,receptor,ligand,A,B,RFAA_no_templates,8H0P
0.21577012351668542,0.21355563443095305,0.11009174311926606,3.6464221062448647,10.575011724305268,0.10344827586206896,6,58,0.8823529411764706,45,51,6,276,9,receptor,ligand,A,B,RFAA_no_templates,7W56
0.37612330250035725,0.3870444800882016,0.39316239316239315,4.297675349465743,6.561380866576763,0.42592592592592593,23,54,0.6349206349206349,40,63,16,264,8,receptor,ligand,A,B,RFAA_no_templates,7W53
0.18299181970306058,0.18012212191810853,0.13559322033898305,3.9008435483556445,13.477628450651968,0.12698412698412698,8,63,0.8545454545454545,47,55,8,303,9,receptor,ligand,A,B,RFAA_no_templates,7W55
0.13717028361735115,0.13693896277534326,0.0916030534351145,4.965507228969583,15.281554792745421,0.09090909090909091,6,66,0.9076923076923077,59,65,9,297,12,receptor,ligand,A,B,RFAA_no_templates,7W57
0.7231318148031599,0.7115878032591484,0.7619047619047619,1.4546581227426807,2.955382335287704,0.7272727272727273,48,66,0.2,12,60,1,302,24,receptor,ligand,A,B,RFAA_no_templates,7YON
0.5738117004862461,0.5714693581439038,0.527027027027027,1.898856845921682,4.114540579069567,0.52,39,75,0.4657534246575342,34,73,2,302,28,receptor,ligand,A,B,RFAA_no_templates,7YOO
0.5345406794000919,0.548120926313672,0.45925925925925926,2.163501520814443,3.98617994612869,0.5,31,62,0.5753424657534246,42,73,5,302,35,receptor,ligand,A,B,RFAA_no_templates,7X9C
0.015690041079244807,0.015690041079244807,0.0,11.944237596395991,47.097970835392935,0.0,0,47,1.0,35,35,9,286,8,receptor,ligand,A,B,RFAA_no_templates,8F7W
0.0096876276228462,0.0096876276228462,0.0,19.00862133807029,55.55452246683304,0.0,0,61,1.0,103,103,16,287,21,receptor,ligand,A,B,RFAA_no_templates,8F7Q
0.47133829511012854,0.46122634133620294,0.3380281690140845,1.6491135521752527,6.608932119551065,0.3076923076923077,12,39,0.625,20,32,3,287,4,receptor,ligand,A,B,RFAA_no_templates,8F7R
0.14356135360419894,0.14356135360419894,0.0,2.873920317263445,16.165673258171267,0.0,0,13,1.0,15,15,4,283,2,receptor,ligand,A,B,RFAA_no_templates,8EFQ
0.010599363977728206,0.010599363977728206,0.0,17.13795356252309,53.97979136170687,0.0,0,61,1.0,37,37,7,285,14,receptor,ligand,A,B,RFAA_no_templates,8F7X
0.008246328890948958,0.008246328890948958,0.0,18.955179567761235,61.88562884249163,0.0,0,47,1.0,7,7,1,276,12,receptor,ligand,A,B,RFAA_no_templates,7XMS
0.4723262903174413,0.44999547905220383,0.5573770491803278,4.428080292516849,4.820258737176451,0.49038461538461536,51,104,0.35443037974683544,28,79,2,361,27,receptor,ligand,A,B,RFAA_no_templates,7VQX
0.6928047228005179,0.6898284142168439,0.672645739910314,1.5676092486634103,2.3712023321797013,0.6637168141592921,75,113,0.3181818181818182,35,110,0,305,69,receptor,ligand,A,B,AF2,7SK4
0.5761198012798456,0.5420960509346372,0.6197183098591549,1.9072402488106912,5.215571833601702,0.5176470588235295,44,85,0.22807017543859648,13,57,0,274,18,receptor,ligand,A,B,AF2,8GY7
0.5776062587843653,0.5937561295853989,0.4166666666666667,1.5349312289868418,3.8786939426493334,0.46511627906976744,20,43,0.6226415094339622,33,53,0,286,8,receptor,ligand,A,B,AF2,8IA8
0.6906820160507792,0.7196172012359643,0.6944444444444444,1.6320244014262122,2.511960013158946,0.78125,50,64,0.375,30,80,0,284,73,receptor,ligand,A,B,AF2,8HK2
0.727489049989956,0.75371796510776,0.6373626373626373,1.296620682838136,1.422289500395922,0.7160493827160493,58,81,0.42574257425742573,43,101,0,295,69,receptor,ligand,A,B,AF2,7XA3
0.3190590023018305,0.313079703738872,0.1308411214953271,2.3714623898435887,7.836001543717456,0.11290322580645161,7,62,0.8444444444444444,38,45,0,282,9,receptor,ligand,A,B,AF2,7YKD
0.6555491313481211,0.6854072233832289,0.6227544910179641,1.7332218709815317,2.579821889035256,0.7123287671232876,52,73,0.44680851063829785,42,94,0,302,69,receptor,ligand,A,B,AF2,8IC0
0.7879056076681824,0.7747390507228237,0.7741935483870968,1.1860471558765857,1.3828304598516634,0.7346938775510204,36,49,0.18181818181818182,8,44,0,301,6,receptor,ligand,A,B,AF2,7W40
0.8121504847035735,0.8175528391625315,0.8427672955974843,1.069872892951008,2.3163288997710736,0.8589743589743589,67,78,0.1728395061728395,14,81,0,301,12,receptor,ligand,A,B,AF2,7W3Z
0.19679264711474728,0.20344226348303374,0.1565217391304348,4.721248311394573,11.785687980406548,0.17647058823529413,9,51,0.859375,55,64,12,247,13,receptor,ligand,A,B,AF2,8DWG
0.7437720900910024,0.7764518286530938,0.7352941176470589,1.4784947804751527,0.9045390543823959,0.8333333333333334,50,60,0.34210526315789475,26,76,0,279,19,receptor,ligand,A,B,AF2,8IBV
0.5946052489124681,0.6063791892578371,0.5769230769230769,1.9384038131519474,3.8146934864691646,0.6122448979591837,30,49,0.45454545454545453,25,55,0,272,11,receptor,ligand,A,B,AF2,7XWO
0.7860740586983206,0.7901458323353117,0.8428571428571429,1.3223407917701298,1.8946770077062394,0.855072463768116,59,69,0.16901408450704225,12,71,0,291,10,receptor,ligand,A,B,AF2,8H0P
0.791321616544583,0.7975516947827751,0.7226890756302521,1.029385335199249,1.45737666338033,0.7413793103448276,43,58,0.29508196721311475,18,61,0,276,9,receptor,ligand,A,B,AF2,7W56
0.740516796315409,0.740516796315409,0.6851851851851852,1.3204816130276047,1.416642367429915,0.6851851851851852,37,54,0.3148148148148148,17,54,0,264,8,receptor,ligand,A,B,AF2,7W53
0.8736222645592094,0.8822506731876181,0.8153846153846154,0.689521892119449,1.216528420137503,0.8412698412698413,53,63,0.208955223880597,14,67,0,303,9,receptor,ligand,A,B,AF2,7W55
0.863514692285586,0.8695752983461921,0.8,0.7197774248982542,1.2835333598088472,0.8181818181818182,54,66,0.21739130434782608,15,69,0,297,12,receptor,ligand,A,B,AF2,7W57
0.8090093316370176,0.8174763548099232,0.8382352941176471,1.1884945669824347,1.3760509376107686,0.8636363636363636,57,66,0.18571428571428572,13,70,0,302,24,receptor,ligand,A,B,AF2,7YON
0.6300949475300964,0.6446474578381246,0.6015037593984962,1.8264707875830133,3.0491595322991865,0.6451612903225806,40,62,0.43661971830985913,31,71,0,302,35,receptor,ligand,A,B,AF2,7X9C
0.3777247776133317,0.3829257232398093,0.13333333333333333,1.985839121323967,6.422666551948047,0.14893617021276595,7,47,0.8793103448275862,51,58,0,286,8,receptor,ligand,A,B,AF2,8F7W
0.5859386254896009,0.5987171038418496,0.5846153846153846,1.666934481547671,5.224937771304717,0.6229508196721312,38,61,0.4492753623188406,31,69,0,287,21,receptor,ligand,A,B,AF2,8F7Q
0.6584807840311084,0.6407848649267387,0.5915492957746479,1.1399942929519034,4.907261446548895,0.5384615384615384,21,39,0.34375,11,32,0,287,4,receptor,ligand,A,B,AF2,8F7R
0.48989375651789774,0.48681683344097476,0.24,1.2479963304273622,6.392420938425853,0.23076923076923078,3,13,0.75,9,12,0,283,2,receptor,ligand,A,B,AF2,8EFQ
0.771343787410839,0.7676097254800558,0.6833333333333333,1.085989576229982,1.3721750891377689,0.6721311475409836,41,61,0.3050847457627119,18,59,0,285,14,receptor,ligand,A,B,AF2,8F7X
0.6554277600495618,0.7078855736959301,0.6724137931034483,1.703513812546216,3.4701164463890013,0.8297872340425532,39,47,0.43478260869565216,30,69,0,276,12,receptor,ligand,A,B,AF2,7XMS
0.6942750765092635,0.6902887893371356,0.6756756756756757,1.5642858584806916,2.3654995755227457,0.6637168141592921,75,113,0.3119266055045872,34,109,0,305,69,receptor,ligand,A,B,AF2_no_templates,7SK4
0.4541428527620397,0.43415107982909035,0.3776223776223776,2.509165495000988,5.280671659224763,0.3176470588235294,27,85,0.5344827586206896,31,58,0,274,18,receptor,ligand,A,B,AF2_no_templates,8GY7
0.6857597181723417,0.7132438619355553,0.5454545454545454,1.2469539553785514,2.498314360732536,0.627906976744186,27,43,0.5178571428571429,29,56,0,286,8,receptor,ligand,A,B,AF2_no_templates,8IA8
0.673793406295257,0.6927532384295496,0.6618705035971223,1.644909547137396,2.7461042921887904,0.71875,46,64,0.38666666666666666,29,75,0,284,73,receptor,ligand,A,B,AF2_no_templates,8HK2
0.7261213187755113,0.7523502338933152,0.6373626373626373,1.3022959783331014,1.474162576128933,0.7160493827160493,58,81,0.42574257425742573,43,101,0,295,69,receptor,ligand,A,B,AF2_no_templates,7XA3
0.42318303022593007,0.41339040349781947,0.30357142857142855,2.0837258265545473,6.588983678252067,0.27419354838709675,17,62,0.66,33,50,0,282,9,receptor,ligand,A,B,AF2_no_templates,7YKD
0.6625683995246728,0.6936621155498957,0.6190476190476191,1.7159613726664746,2.231743030698438,0.7123287671232876,52,73,0.45263157894736844,43,95,0,302,69,receptor,ligand,A,B,AF2_no_templates,8IC0
0.727393017990749,0.7294544486236081,0.6060606060606061,1.209386048040335,1.4928691432215895,0.6122448979591837,30,49,0.4,20,50,0,301,6,receptor,ligand,A,B,AF2_no_templates,7W40
0.8086569958176684,0.8139787181205227,0.8301886792452831,1.1079720973435696,1.9748521322917616,0.8461538461538461,66,78,0.18518518518518517,15,81,0,301,12,receptor,ligand,A,B,AF2_no_templates,7W3Z
0.18689144514073866,0.18550503198961965,0.1414141414141414,4.834185666102083,12.072316802877252,0.13725490196078433,7,51,0.8541666666666666,41,48,0,247,13,receptor,ligand,A,B,AF2_no_templates,8DWG
0.7379636909478252,0.7640288538550933,0.7218045112781954,1.490436618909499,0.901009794560699,0.8,48,60,0.3424657534246575,25,73,0,279,19,receptor,ligand,A,B,AF2_no_templates,8IBV
0.5713167466399958,0.5787864011684738,0.5490196078431373,2.0796527252492365,3.945647809155836,0.5714285714285714,28,49,0.4716981132075472,25,53,0,272,11,receptor,ligand,A,B,AF2_no_templates,7XWO
0.7870473716697383,0.8015068086179307,0.8551724137931035,1.3329816775577574,2.006470561849237,0.8985507246376812,62,69,0.18421052631578946,14,76,0,291,10,receptor,ligand,A,B,AF2_no_templates,8H0P
0.7061740544390099,0.7189298716523546,0.6341463414634146,1.2999885740263277,2.6188256777329295,0.6724137931034483,39,58,0.4,26,65,0,276,9,receptor,ligand,A,B,AF2_no_templates,7W56
0.7362579816797387,0.7341811384814002,0.6728971962616822,1.3201687909477526,1.4328567573214066,0.6666666666666666,36,54,0.32075471698113206,17,53,0,264,8,receptor,ligand,A,B,AF2_no_templates,7W53
0.8706899714938287,0.8877475407902039,0.8059701492537313,0.6871058578475046,1.2285682934147188,0.8571428571428571,54,63,0.23943661971830985,17,71,0,303,9,receptor,ligand,A,B,AF2_no_templates,7W55
0.7948631828494057,0.7969517375695393,0.8270676691729323,1.0968623594274503,2.7389556436440134,0.8333333333333334,55,66,0.1791044776119403,12,67,0,297,12,receptor,ligand,A,B,AF2_no_templates,7W57
0.8012018070279258,0.8195770488074229,0.8085106382978723,1.1724912040600128,1.3788577351306974,0.8636363636363636,57,66,0.24,18,75,0,302,24,receptor,ligand,A,B,AF2_no_templates,7YON
0.5924162259544655,0.6076625748551235,0.5671641791044776,2.0426384899335552,3.433130434824685,0.6129032258064516,38,62,0.4722222222222222,34,72,0,302,35,receptor,ligand,A,B,AF2_no_templates,7X9C
0.4034685446087763,0.41174277628726325,0.16666666666666666,1.9467054387290155,5.949182802067916,0.19148936170212766,9,47,0.8524590163934426,52,61,0,286,8,receptor,ligand,A,B,AF2_no_templates,8F7W
0.17462272712917437,0.17225478541697034,0.43333333333333335,10.344330412413287,30.996219902618577,0.4262295081967213,26,61,0.559322033898305,33,59,0,287,21,receptor,ligand,A,B,AF2_no_templates,8F7Q
0.45391505410227123,0.4480609386591148,0.273972602739726,1.6121735494736218,6.601369929467573,0.2564102564102564,10,39,0.7058823529411765,24,34,0,287,4,receptor,ligand,A,B,AF2_no_templates,8F7R
0.49062104066743045,0.49441971113276756,0.2962962962962963,1.378883847457428,6.4642261774863625,0.3076923076923077,4,13,0.7142857142857143,10,14,0,283,2,receptor,ligand,A,B,AF2_no_templates,8EFQ
0.8240576291277538,0.8284644685425255,0.8064516129032258,0.9968802026435515,1.4404358589834498,0.819672131147541,50,61,0.20634920634920634,13,63,0,285,14,receptor,ligand,A,B,AF2_no_templates,8F7X
0.6400178013713802,0.6924756150177483,0.6724137931034483,1.8432699322043828,3.5813025035193933,0.8297872340425532,39,47,0.43478260869565216,30,69,0,276,12,receptor,ligand,A,B,AF2_no_templates,7XMS
0.004268301718191551,0.004268301718191551,0.0,28.52396403332693,84.3734495211138,0.0,0,113,1.0,11,11,0,305,69,receptor,ligand,A,B,ESMFold,7SK4
0.007475919266726676,0.007475919266726676,0.0,20.776344249133267,64.1718329393445,0.0,0,85,1.0,1,1,0,274,18,receptor,ligand,A,B,ESMFold,8GY7
0.011306798471719044,0.011306798471719044,0.0,14.103972915528203,55.727356167742506,0.0,0,43,1.0,1,1,0,286,8,receptor,ligand,A,B,ESMFold,8IA8
0.004100975296330108,0.004100975296330108,0.0,28.368221270542687,86.72456115602708,0.0,0,64,0.0,0,0,0,284,73,receptor,ligand,A,B,ESMFold,8HK2
0.004346491349751235,0.004346491349751235,0.0,27.098514069891596,84.63887230960955,0.0,0,81,0.0,0,0,0,295,69,receptor,ligand,A,B,ESMFold,7XA3
0.012648905933724905,0.012648905933724905,0.0,13.822606821145028,51.71169492833426,0.0,0,62,1.0,13,13,0,282,9,receptor,ligand,A,B,ESMFold,7YKD
0.0037959794760238454,0.0037959794760238454,0.0,28.728707123950056,90.89475158135497,0.0,0,73,1.0,9,9,2,302,69,receptor,ligand,A,B,ESMFold,8IC0
0.007158870448991936,0.007158870448991936,0.0,22.438617736062067,64.5820142554425,0.0,0,91,1.0,3,3,0,303,21,receptor,ligand,A,B,ESMFold,8HCQ
0.00755031233484956,0.00755031233484956,0.0,22.49905059074646,62.38520370228787,0.0,0,50,1.0,4,4,1,289,16,receptor,ligand,A,B,ESMFold,7WQ3
0.0072219591530071564,0.0072219591530071564,0.0,21.837035815678057,64.6943242097137,0.0,0,54,1.0,3,3,1,282,13,receptor,ligand,A,B,ESMFold,7WQ4
0.012377399967378985,0.012377399967378985,0.0,12.18369089177084,56.41002722269019,0.0,0,49,1.0,2,2,0,301,6,receptor,ligand,A,B,ESMFold,7W40
0.009384030449820065,0.009384030449820065,0.0,16.60428879925358,59.41339283502454,0.0,0,78,1.0,4,4,0,301,12,receptor,ligand,A,B,ESMFold,7W3Z
0.00761451386572472,0.00761451386572472,0.0,21.832432585305554,62.52592963913416,0.0,0,51,1.0,3,3,0,247,13,receptor,ligand,A,B,ESMFold,8DWG
0.003657580318730701,0.003657580318730701,0.0,30.53325401885605,91.45016361608444,0.0,0,60,0.0,0,0,0,279,19,receptor,ligand,A,B,ESMFold,8IBV
0.010381045436508142,0.010381045436508142,0.0,16.707086565198882,55.21901765191113,0.0,0,49,1.0,20,20,1,272,11,receptor,ligand,A,B,ESMFold,7XWO
0.010954684972748409,0.010954684972748409,0.0,14.516170034697675,56.28307304736838,0.0,0,69,0.0,0,0,0,291,10,receptor,ligand,A,B,ESMFold,8H0P
0.005740305328081788,0.005740305328081788,0.0,20.2107932131602,77.97723547912351,0.0,0,58,0.0,0,0,0,276,9,receptor,ligand,A,B,ESMFold,7W56
0.007851310798782077,0.007851310798782077,0.0,16.825146882691215,67.37149525463145,0.0,0,54,0.0,0,0,0,264,8,receptor,ligand,A,B,ESMFold,7W53
0.009406543629001242,0.009406543629001242,0.0,15.476575351915091,61.21916402593301,0.0,0,63,1.0,1,1,0,303,9,receptor,ligand,A,B,ESMFold,7W55
0.016737551562918656,0.016737551562918656,0.0,12.607959929827631,43.823929104460476,0.0,0,66,0.0,0,0,0,297,12,receptor,ligand,A,B,ESMFold,7W57
0.0049398606650857884,0.0049398606650857884,0.0,28.042898519341247,77.23585815812876,0.0,0,66,1.0,1,1,0,302,24,receptor,ligand,A,B,ESMFold,7YON
0.004611721094690519,0.004611721094690519,0.0,28.866709038988223,80.07532638837857,0.0,0,75,1.0,7,7,1,302,28,receptor,ligand,A,B,ESMFold,7YOO
0.005186523506714167,0.005186523506714167,0.0,26.85870314126882,75.70223225277083,0.0,0,62,0.0,0,0,0,302,35,receptor,ligand,A,B,ESMFold,7X9C
0.019845223955224738,0.019845223955224738,0.0,10.6182516522539,41.657606396122866,0.0,0,47,0.0,0,0,0,286,8,receptor,ligand,A,B,ESMFold,8F7W
0.008221756286585453,0.008221756286585453,0.0,20.53954572969432,60.494894833921826,0.0,0,61,1.0,10,10,1,287,21,receptor,ligand,A,B,ESMFold,8F7Q
0.023790154939718772,0.023790154939718772,0.0,8.222267580673748,42.10330393097787,0.0,0,39,0.0,0,0,0,287,4,receptor,ligand,A,B,ESMFold,8F7R
0.025598920853996232,0.025598920853996232,0.0,7.3311357283745515,43.600287534483066,0.0,0,13,0.0,0,0,0,283,2,receptor,ligand,A,B,ESMFold,8EFQ
0.00869707261502112,0.00869707261502112,0.0,18.846808082167858,59.81098385984971,0.0,0,61,1.0,1,1,0,285,14,receptor,ligand,A,B,ESMFold,8F7X
0.009726515859240474,0.009726515859240474,0.0,17.53551140029365,56.78472707232452,0.0,0,47,1.0,9,9,1,276,12,receptor,ligand,A,B,ESMFold,7XMS
0.006177962144814055,0.006177962144814055,0.0,25.374852623811375,68.75968241214876,0.0,0,104,0.0,0,0,0,361,27,receptor,ligand,A,B,ESMFold,7VQX
0.6724045536715098,0.6689497714556656,0.5855855855855856,1.4838630285820147,2.3990024271767227,0.5752212389380531,65,113,0.4036697247706422,44,109,1,305,69,receptor,ligand,A,B,AF3,7SK4
0.45011026319669584,0.43492038977897435,0.6455696202531646,2.9035162530907153,8.600984269626268,0.6,51,85,0.3013698630136986,22,73,1,274,18,receptor,ligand,A,B,AF3,8GY7
0.8646238778818135,0.8775198054836236,0.8382352941176471,0.800736731092656,1.2923085760887711,0.8769230769230769,57,65,0.19718309859154928,14,71,0,295,9,receptor,ligand,A,B,AF3,7EIB
0.5493577550240868,0.5483217539880857,0.44755244755244755,1.7656512020568031,4.49668318052396,0.4444444444444444,32,72,0.5492957746478874,39,71,0,305,10,receptor,ligand,A,B,AF3,7F6I
0.820190792487189,0.8322493626852939,0.7777777777777778,0.9649370823247798,1.3472647088276872,0.813953488372093,35,43,0.2553191489361702,12,47,0,286,8,receptor,ligand,A,B,AF3,8IA8
0.7187560181667164,0.7464848914061529,0.7605633802816901,1.5669385640274958,2.54850260388188,0.84375,54,64,0.3076923076923077,24,78,0,284,73,receptor,ligand,A,B,AF3,8HK2
0.602687587077447,0.6272489905862189,0.4,1.455196126979059,2.943746783017873,0.47368421052631576,9,19,0.6538461538461539,17,26,0,278,3,receptor,ligand,A,B,AF3,7Y67
0.6600676842144618,0.6811793451084087,0.6808510638297872,1.83141579498459,2.866914598805171,0.7441860465116279,32,43,0.37254901960784315,19,51,1,281,7,receptor,ligand,A,B,AF3,7Y66
0.7564841452240838,0.7820206355246976,0.8144796380090498,1.3351461382262024,2.8799775065296864,0.8910891089108911,90,101,0.25,30,120,0,293,74,receptor,ligand,A,B,AF3,7Y64
0.5270841967652236,0.5423789304163934,0.8014440433212996,3.91818497235188,6.210128890796522,0.8473282442748091,111,131,0.23972602739726026,35,146,1,369,37,receptor,ligand,A,B,AF3,8F0K
0.7994739164783038,0.8100174083824082,0.8715953307392996,1.3351675379949748,1.5232695462494001,0.9032258064516129,112,124,0.15789473684210525,21,133,0,359,32,receptor,ligand,A,B,AF3,7TYO
0.7576661710573379,0.7755398228292947,0.7372881355932204,1.2598745356509753,1.9631737890139513,0.7909090909090909,87,110,0.30952380952380953,39,126,0,302,65,receptor,ligand,A,B,AF3,7VL9
0.771805829432675,0.7956465540803519,0.6815642458100558,1.0910796954019957,1.2183078855616085,0.7530864197530864,61,81,0.37755102040816324,37,98,0,295,69,receptor,ligand,A,B,AF3,7XA3
0.7622251112801411,0.744974059386733,0.7130434782608696,1.148079692248269,2.0889661045322403,0.6612903225806451,41,62,0.22641509433962265,12,53,0,282,9,receptor,ligand,A,B,AF3,7YKD
0.6712747146622684,0.7109535054038837,0.6206896551724138,1.5003382506091876,2.938479542217996,0.7397260273972602,54,73,0.46534653465346537,47,101,0,302,69,receptor,ligand,A,B,AF3,8IC0
0.7580373225082573,0.7935281474727663,0.7177033492822966,1.2674932243382282,1.416370750958086,0.8241758241758241,75,91,0.3644067796610169,43,118,0,303,21,receptor,ligand,A,B,AF3,8HCQ
0.523843030384899,0.5291668990628049,0.24489795918367346,1.2480730229986812,5.0944060856770825,0.2608695652173913,6,23,0.7692307692307693,20,26,1,295,3,receptor,ligand,A,B,AF3,7VFX
0.5018226157631386,0.5037707942162849,0.3389830508474576,1.4736933340794678,6.132919485531799,0.3448275862068966,10,29,0.6666666666666666,20,30,0,296,4,receptor,ligand,A,B,AF3,7T6T
0.5468533613756293,0.5739758684981365,0.47863247863247865,1.997412466307657,4.232317406985047,0.56,28,50,0.582089552238806,39,67,1,289,16,receptor,ligand,A,B,AF3,7WQ3
0.19666268655318894,0.19486477213391526,0.11650485436893204,4.290422279721846,11.221913279383584,0.1111111111111111,6,54,0.8775510204081632,43,49,0,282,13,receptor,ligand,A,B,AF3,7WQ4
0.7067986305970936,0.6946700678317813,0.7422680412371134,1.3662695959437974,3.825385676724938,0.7058823529411765,36,51,0.21739130434782608,10,46,0,276,7,receptor,ligand,A,B,AF3,7XOW
0.6721134077337462,0.6954687225398383,0.7253886010362695,2.1218771933093414,1.7856118319956855,0.7954545454545454,70,88,0.3333333333333333,35,105,0,378,30,receptor,ligand,A,B,AF3,7RBT
0.6488224967926637,0.678197482582628,0.7513812154696132,2.748178261282007,1.6054955317102708,0.8395061728395061,68,81,0.32,32,100,0,380,29,receptor,ligand,A,B,AF3,7FIN
0.8255996220070777,0.8229346384878968,0.7835051546391752,0.9203726580597875,1.575035766669764,0.7755102040816326,38,49,0.20833333333333334,10,48,0,301,6,receptor,ligand,A,B,AF3,7W40
0.8155636401560216,0.819079814558272,0.8227848101265823,1.0490316012470926,1.9011387909068747,0.8333333333333334,65,78,0.1875,15,80,0,301,12,receptor,ligand,A,B,AF3,7W3Z
0.16317365590262936,0.16317365590262936,0.0,4.432292521701607,10.703220873772246,0.0,0,51,1.0,39,39,1,247,13,receptor,ligand,A,B,AF3,8DWG
0.5642583468619312,0.5836522862558706,0.4266666666666667,1.5875209910422547,4.323823078527184,0.48484848484848486,16,33,0.6190476190476191,26,42,0,250,6,receptor,ligand,A,B,AF3,7S8L
0.5093583636777795,0.4992573535767693,0.36363636363636365,1.623861742125588,5.511256691759972,0.3333333333333333,6,18,0.6,9,15,0,253,3,receptor,ligand,A,B,AF3,7VDM
0.31819458546919277,0.31342867574113,0.04878048780487805,2.0785644714438205,7.483206550639974,0.034482758620689655,1,29,0.9166666666666666,11,12,0,263,5,receptor,ligand,A,B,AF3,7VV0
0.7500829379668176,0.785930464325293,0.7591240875912408,1.483988776995181,1.0216477324808146,0.8666666666666667,52,60,0.3246753246753247,25,77,0,279,19,receptor,ligand,A,B,AF3,8IBV
0.22352078628419034,0.22306829759640753,0.03076923076923077,3.1108808021329533,9.375213583622912,0.029411764705882353,2,68,0.967741935483871,60,62,1,288,11,receptor,ligand,A,B,AF3,7P00
0.38006415863720305,0.38791345220078227,0.38461538461538464,2.9687182400811665,7.65440142935962,0.40816326530612246,20,49,0.6363636363636364,35,55,0,272,11,receptor,ligand,A,B,AF3,7XWO
0.8021215118979851,0.8084942120727203,0.8794326241134752,1.3049141464702514,1.7860450361731965,0.8985507246376812,62,69,0.1388888888888889,10,72,1,291,10,receptor,ligand,A,B,AF3,8H0P
0.16785552966908016,0.1595541248159512,0.1111111111111111,4.026303506417512,13.956047124156472,0.08620689655172414,5,58,0.84375,27,32,0,276,9,receptor,ligand,A,B,AF3,7W56
0.6634812267476705,0.6693203992535096,0.6306306306306306,1.6244667629929568,2.8398440279194,0.6481481481481481,35,54,0.38596491228070173,22,57,0,264,8,receptor,ligand,A,B,AF3,7W53
0.7486212693841249,0.7486212693841249,0.7777777777777778,1.4178561239657,2.1483213182041565,0.7777777777777778,49,63,0.2222222222222222,14,63,0,303,9,receptor,ligand,A,B,AF3,7W55
0.5554308956402463,0.5554308956402463,0.6363636363636364,2.0582290278863264,5.7902009348829555,0.6363636363636364,42,66,0.36363636363636365,24,66,0,297,12,receptor,ligand,A,B,AF3,7W57
0.7593165958831901,0.761404649550612,0.7642276422764228,1.3045891065593065,2.0627527123402407,0.7704918032786885,47,61,0.24193548387096775,15,62,1,280,21,receptor,ligand,A,B,AF3,7VGX
0.7996038116995606,0.8017303401418786,0.8421052631578947,1.2560991112416178,1.5228876362006265,0.8484848484848485,56,66,0.16417910447761194,11,67,0,302,24,receptor,ligand,A,B,AF3,7YON
0.8333558824124451,0.8412058102623731,0.8831168831168831,1.1008855492743475,1.5695426154401604,0.9066666666666666,68,75,0.13924050632911392,11,79,0,302,28,receptor,ligand,A,B,AF3,7YOO
0.6256951470826636,0.6287673437032474,0.5714285714285714,1.8310397544033925,2.768898310867005,0.5806451612903226,36,62,0.4375,28,64,0,302,35,receptor,ligand,A,B,AF3,7X9C
0.5938046476142134,0.6185628681171148,0.43636363636363634,1.4982265424181407,3.6479796585898296,0.5106382978723404,24,47,0.6190476190476191,39,63,0,286,8,receptor,ligand,A,B,AF3,8F7W
0.3671487113373419,0.4157065034103861,0.4936708860759494,3.3082366984209433,9.643015725313624,0.639344262295082,39,61,0.5979381443298969,58,97,0,287,21,receptor,ligand,A,B,AF3,8F7Q
0.607598756519852,0.5899028374154822,0.5915492957746479,1.457990632809477,5.3395094972710515,0.5384615384615384,21,39,0.34375,11,32,0,287,4,receptor,ligand,A,B,AF3,8F7R
0.42479209426708603,0.42479209426708603,0.23076923076923078,1.6463239152442382,7.08554375510313,0.23076923076923078,3,13,0.7692307692307693,10,13,0,283,2,receptor,ligand,A,B,AF3,8EFQ
0.4038708796362465,0.4014628033187509,0.22033898305084745,2.2140569636119323,5.875503193834697,0.21311475409836064,13,61,0.7719298245614035,44,57,0,285,14,receptor,ligand,A,B,AF3,8F7X
0.18928902876036435,0.19009752956886516,0.036036036036036036,3.580434160540478,10.799424298173653,0.038461538461538464,2,52,0.9661016949152542,57,59,0,285,9,receptor,ligand,A,B,AF3,7RYC
0.5761679312102782,0.5493348459780174,0.6016260162601627,2.0020797283679705,4.68021418061577,0.5211267605633803,37,71,0.28846153846153844,15,52,0,287,14,receptor,ligand,A,B,AF3,7T10
0.5911304581252027,0.5792654229008793,0.5517241379310345,2.177572101197874,2.8354952212478226,0.5161290322580645,16,31,0.4074074074074074,11,27,0,285,5,receptor,ligand,A,B,AF3,7T11
0.6418575525800639,0.6061432668657781,0.5,1.642707829329852,1.4718624441120205,0.39285714285714285,11,28,0.3125,5,16,0,280,5,receptor,ligand,A,B,AF3,7XAV
0.5377796744374159,0.560763651322102,0.46296296296296297,2.0112875865654662,4.343235744708145,0.5319148936170213,25,47,0.5901639344262295,36,61,0,276,12,receptor,ligand,A,B,AF3,7XMS
0.7080293541976826,0.71044083160916,0.7523809523809524,1.8626563089820476,1.2654829883135104,0.7596153846153846,79,104,0.25471698113207547,27,106,0,361,27,receptor,ligand,A,B,AF3,7VQX
