generic_residue_number_a,count,percentage
7x34,126,85.13513513513513
7x38,121,81.75675675675676
45x52,98,66.21621621621621
3x32,91,61.48648648648649
3x33,89,60.13513513513513
3x36,83,56.08108108108109
2x60,83,56.08108108108109
45x51,71,47.97297297297297
6x51,70,47.2972972972973
6x55,70,47.2972972972973
6x58,65,43.91891891891892
3x29,61,41.21621621621622
2x64,59,39.86486486486486
7x31,54,36.486486486486484
7x30,54,36.486486486486484
1x32,52,35.13513513513514
5x43,52,35.13513513513514
45x50,47,31.756756756756754
7x35,44,29.72972972972973
7x37,44,29.72972972972973
1x39,43,29.054054054054053
2x63,41,27.7027027027027
1x29,39,26.351351351351347
4x61,38,25.675675675675674
1x35,37,25.0
5x40,35,23.64864864864865
7x42,35,23.64864864864865
5x41,34,22.972972972972975
1x43,32,21.62162162162162
5x36,32,21.62162162162162
6x54,32,21.62162162162162
1x36,31,20.945945945945947
5x44,31,20.945945945945947
7x27,30,20.27027027027027
1x28,29,19.594594594594593
5x47,28,18.91891891891892
3x40,28,18.91891891891892
5x39,27,18.243243243243242
6x48,26,17.56756756756757
2x57,26,17.56756756756757
7x41,25,16.89189189189189
2x53,24,16.216216216216218
2x65,23,15.54054054054054
2x68,23,15.54054054054054
7x33,21,14.18918918918919
1x33,18,12.162162162162163
2x61,18,12.162162162162163
4x65,18,12.162162162162163
6x52,16,10.81081081081081
5x48,15,10.135135135135135
23x50,14,9.45945945945946
6x61,14,9.45945945945946
3x28,14,9.45945945945946
1x25,13,8.783783783783784
3x37,12,8.108108108108109
6x62,12,8.108108108108109
2x67,11,7.4324324324324325
3x25,11,7.4324324324324325
5x42,11,7.4324324324324325
5x32,11,7.4324324324324325
7x24,11,7.4324324324324325
4x64,11,7.4324324324324325
6x59,10,6.756756756756757
5x33,9,6.081081081081082
1x37,8,5.405405405405405
23x49,8,5.405405405405405
2x56,7,4.72972972972973
1x40,7,4.72972972972973
4x60,6,4.054054054054054
1x31,6,4.054054054054054
5x46,6,4.054054054054054
1x44,6,4.054054054054054
3x26,6,4.054054054054054
1x45,5,3.3783783783783785
7x23,5,3.3783783783783785
1x41,5,3.3783783783783785
3x21,5,3.3783783783783785
1x24,4,2.7027027027027026
2x66,4,2.7027027027027026
6x60,4,2.7027027027027026
5x37,4,2.7027027027027026
2x59,4,2.7027027027027026
7x39,4,2.7027027027027026
7x28,4,2.7027027027027026
1x26,3,2.027027027027027
5x35,3,2.027027027027027
6x63,3,2.027027027027027
4x62,2,1.3513513513513513
3x22,2,1.3513513513513513
6x64,2,1.3513513513513513
1x22,2,1.3513513513513513
7x32,2,1.3513513513513513
1x48,2,1.3513513513513513
2x58,2,1.3513513513513513
5x28,1,0.6756756756756757
3x30,1,0.6756756756756757
4x46,1,0.6756756756756757
4x43,1,0.6756756756756757
1x21,1,0.6756756756756757
6x56,1,0.6756756756756757
2x62,1,0.6756756756756757
3x24,1,0.6756756756756757
1x19,1,0.6756756756756757
3x18,1,0.6756756756756757
2x72,1,0.6756756756756757
1x27,1,0.6756756756756757
4x68,1,0.6756756756756757
1x47,1,0.6756756756756757
4x51,1,0.6756756756756757
