identifier,InteractionProbability,pocket_distance,in_pocket
cckar_human___864,33.600252293577974,37.97893524169922,False
ghsr_human___2156,35.88465240641713,39.58513259887695,False
ednrb_human___613,33.16673672566371,37.434226989746094,False
pacr_human___3570,35.00871266002846,37.105899810791016,False
ssr1_human___5654,35.48939356435643,15.424853324890137,False
ntr2_human___1099,33.52490867579911,43.28463363647461,False
grpr_human___1136,33.43726392251818,39.151512145996094,False
agtr2_human___1790,67.1171679197995,5.17749547958374,True
ntr1_human___798,32.9859342915811,36.254432678222656,False
ntr1_human___1579,33.00937209302328,34.70238494873047,False
gpr37_human___3594,24.90128528974741,41.408172607421875,False
nk3r_human___2090,30.96527368421052,22.95202255249023,False
ox2r_human___3735,32.02753246753245,40.25738906860352,False
mrgx1_human___687,32.940752089136524,30.062305450439453,False
oprd_human___2019,36.28190414507771,34.632240295410156,False
bkrb2_human___582,33.934786432160784,44.05923080444336,False
kissr_human___3594,31.341986899563288,34.89913558959961,False
qrfpr_human___681,34.547361111111094,39.023704528808594,False
oprd_human___1162,36.403687664042,36.03446578979492,False
v1br_human___2168,32.77790993071597,31.130327224731445,False
pacr_human___4358,32.212789179104455,34.840579986572266,False
oprx_human___1136,34.56266917293234,38.4833869934082,False
ur2r_human___3643,35.042680288461526,36.68650436401367,False
gpr37_human___585,26.17158870967743,33.48496627807617,False
nk1r_human___612,33.65797235023043,35.629032135009766,False
v1br_human___821,32.18246506986027,42.95961380004883,False
bkrb2_human___1790,33.317002341920364,34.153446197509766,False
npbw2_human___3640,36.38585365853656,38.68882369995117,False
ssr1_human___1997,33.593157894736834,41.01931381225586,False
ox2r_human___5654,32.24470459518599,18.724714279174805,False
pacr_human___1579,32.47694791666668,34.73468017578125,False
nk1r_human___644,71.64951923076919,5.137093544006348,True
ntr1_human___585,33.26141176470587,35.110904693603516,False
ssr5_human___2019,35.44653439153437,37.88618469238281,False
mshr_human___1140,34.40987142857144,39.991844177246094,False
nmur2_human___1099,35.72537246049659,46.121856689453125,False
kissr_human___1643,35.43914918414916,33.84172821044922,False
npff2_human___681,28.231663685152068,27.427734375,False
kissr_human___1871,33.07755980861244,40.70166778564453,False
trfr_human___3548,35.47615062761512,32.59803771972656,False
gpr39_human___2019,31.843372591006432,23.319129943847656,False
galr2_human___3643,35.21227053140099,23.924955368041992,False
bkrb1_human___3542,37.701291139240475,40.73038482666016,False
npsr1_human___2168,35.23668421052633,41.50541305541992,False
npsr1_human___5654,34.86641927083335,43.5119514465332,False
nk3r_human___1504,31.316107784431154,42.940521240234375,False
mrgx1_human___3640,34.71182957393485,49.81231689453125,False
agtr2_human___613,37.274691689008044,33.70978546142578,False
sctr_human___2156,34.08362723214288,24.261030197143555,False
nmur1_human___1579,33.55470319634703,38.4898681640625,False
trfr_human___4058,33.594370460048395,41.70097351074219,False
mshr_human___5654,72.29893939393939,10.951910018920898,True
fshr_human___3640,37.42930051813474,34.917938232421875,False
galr2_human___2019,67.44000000000003,5.65568208694458,True
npff1_human___11417,32.16747747747747,14.549789428710938,False
npff2_human___1790,55.74534050179212,10.993412017822266,True
mchr1_human___1790,32.10596069868996,31.10026741027832,False
nmur2_human___2270,31.56600217864926,38.10627365112305,False
nmur2_human___1579,33.16944964871194,32.95491409301758,False
mc3r_human___2270,34.874373297002705,34.495750427246094,False
gpr37_human___2168,25.8569694533762,37.668087005615234,False
rl3r1_human___574,31.16243542435421,22.82528305053711,False
oprk_human___2945,34.365107003891055,41.71089172363281,False
apj_human___1479,33.9643943298969,29.72114372253418,False
gnrhr_human___3548,38.02842349304481,40.88827133178711,False
mrgx2_human___574,34.24313895781638,41.50558090209961,False
ssr3_human___2019,34.05910879629628,42.117549896240234,False
apj_human___2945,34.3881906614786,39.26260757446289,False
nk1r_human___1514,33.93827313769749,42.38218688964844,False
mtlr_human___1099,32.318943181818184,41.70893859863281,False
nk1r_human___1871,33.405210772833705,38.42353057861328,False
bkrb1_human___5654,41.16857923497264,35.3013916015625,False
bkrb2_human___3548,35.82935211267607,40.6626091003418,False
nk2r_human___1871,33.0802990430622,37.73538589477539,False
mtlr_human___1136,32.229399092970525,31.963857650756836,False
nmbr_human___3594,31.898922222222264,36.66177749633789,False
ox2r_human___1699,32.149269067796574,20.174654006958008,False
galr2_human___3700,34.14816445182725,32.068626403808594,False
ssr2_human___1643,33.785125000000015,21.879438400268555,False
fpr2_human___3542,70.45007633587782,5.4154462814331055,True
nk2r_human___771,34.55885021097044,42.29862594604492,False
ox2r_human___1479,31.964966814159293,27.705785751342773,False
trfr_human___2139,33.362374999999986,36.677677154541016,False
gp107_human___2019,30.05061074918568,27.29597282409668,False
v1br_human___1643,33.38173626373626,33.558284759521484,False
g37l1_human___1157,28.692356557377042,35.7695198059082,False
oprx_human___1643,34.22640897755609,40.44559860229492,False
mshr_human___574,34.87424358974359,45.7856330871582,False
ssr1_human___1157,35.0797110552764,33.48334503173828,False
nmur1_human___1470,32.86617516629713,35.211639404296875,False
kissr_human___1283,39.977058823529426,43.6597900390625,False
nmur2_human___1047,33.89234624145788,36.67304611206055,False
nmur1_human___2089,33.7463646788991,33.4896240234375,False
rl3r1_human___3548,33.687379441624394,38.880653381347656,False
npff2_human___3735,29.17213888888892,41.895301818847656,False
grpr_human___3700,33.83356427378965,44.564208984375,False
qrfpr_human___3570,37.47250750750753,43.807369232177734,False
trfr_human___1490,32.96806220095693,34.47607421875,False
sctr_human___817,31.641569664902967,34.67779541015625,False
npbw1_human___1623,37.54525602409639,32.41337966918945,False
fpr2_human___574,36.455990566037734,36.95442199707031,False
galr2_human___5654,33.96687500000001,22.417089462280273,False
sctr_human___3570,35.79103703703703,40.49200439453125,False
bkrb1_human___1681,40.11060810810813,45.52086639404297,False
fpr2_human___3935,84.14142473118282,6.039999485015869,True
mtlr_human___2098,32.94544917257683,31.978328704833984,False
npbw1_human___1495,36.04954415954412,34.2408561706543,False
nk2r_human___1514,33.766198156681995,42.84994888305664,False
mc5r_human___574,34.58865577889445,47.37367630004883,False
v2r_human___3640,34.83498883928575,39.872650146484375,False
gpr37_human___612,25.631718749999983,23.69902801513672,False
trfr_human___1699,32.76291079812209,39.28360748291016,False
mrgx1_human___1579,34.53236526946106,32.97089385986328,False
mc4r_human___1997,33.73062674094707,27.092050552368164,False
ednra_human___989,39.20053571428575,35.79134750366211,False
mc3r_human___1579,35.45616417910445,39.79736328125,False
qrfpr_human___1140,34.30607758620689,33.5508918762207,False
cckar_human___573,33.513476095617534,45.16630935668945,False
gpr39_human___1470,31.343566945606696,35.118106842041016,False
ssr1_human___1623,34.9470253164557,41.73974609375,False
ssr1_human___1643,34.05225118483413,37.69580841064453,False
v1ar_human___3645,33.141158415841616,38.584075927734375,False
mchr1_human___1681,33.374088838268804,37.47761917114258,False
ssr2_human___2019,35.388080939947834,34.32374572753906,False
oprk_human___1157,34.754689922480615,36.53507232666016,False
oprk_human___3700,34.6449411764706,41.130149841308594,False
ur2r_human___613,68.25436090225566,5.934593200683594,True
grpr_human___3592,33.21972222222222,40.615989685058594,False
v2r_human___3700,34.77116894197951,44.9233283996582,False
ssr2_human___687,33.54034482758624,35.14710998535156,False
ntr1_human___1458,32.572238636363615,37.492530822753906,False
bkrb1_human___2945,35.989897330595504,40.708866119384766,False
ssr2_human___2270,34.086331719128346,35.39004898071289,False
cckar_human___921,32.77601931330473,18.259166717529297,False
ur2r_human___1320,33.6129104477612,39.36176681518555,False
cckar_human___1298,32.964205816554795,39.36044692993164,False
nmur2_human___771,33.77097759674134,46.23233795166016,False
fpr2_human___1140,70.62429687499994,7.076740741729736,True
gnrhr_human___1152,36.88478932584265,40.25334930419922,False
rl3r1_human___808,31.68128014842304,40.6578254699707,False
npsr1_human___1470,34.37978535353536,40.79978942871094,False
rl3r1_human___1004,31.716306122448994,32.332889556884766,False
ssr5_human___1152,41.58529336734696,44.17657852172851,False
ednra_human___921,36.76293548387097,37.87599182128906,False
agtr1_human___8526,36.92264864864864,37.83617401123047,False
mtlr_human___1579,32.712712264150966,30.51947784423828,False
oxyr_human___3646,34.043092243186564,32.12453842163086,False
bkrb1_human___3700,36.72284330985919,43.891456604003906,False
ssr3_human___5654,71.34765661252897,8.012773513793945,True
mrgx1_human___1504,34.22863128491617,41.23786544799805,False
prlhr_human___3548,37.44355587808415,38.741939544677734,False
apj_human___3548,36.15645922746787,38.01315689086914,False
npbw2_human___3700,36.149032846715336,41.007686614990234,False
npbw1_human___1152,37.02786516853935,41.2164306640625,False
ghsr_human___1458,70.60296391752577,6.125056266784668,True
fpr3_human___758,35.7654750593824,36.41959381103515,False
nmbr_human___613,35.13076250000004,33.869537353515625,False
mrgx2_human___2945,34.61502155172414,41.36691665649414,False
apj_human___8526,34.124629156010236,39.47069549560547,False
gpr39_human___1699,32.008087318087334,37.15155029296875,False
ntr1_human___2270,31.536612554112573,36.23812484741211,False
gnrhr_human___3643,40.2854647887324,40.02093505859375,False
bkrb2_human___644,34.34586250000002,34.7726936340332,False
mc3r_human___2090,35.65435435435433,42.20854187011719,False
agtr1_human___644,73.92312500000004,6.099255084991455,True
ssr4_human___11417,33.8505845771144,39.74027633666992,False
mtlr_human___687,34.34464365256126,35.68702697753906,False
npff1_human___1790,31.628004291845524,13.731005668640137,False
apj_human___1504,34.09234374999997,45.279022216796875,False
oxyr_human___3594,33.21820712694877,33.71959686279297,False
ssr4_human___2019,33.915796019900476,37.211143493652344,False
bkrb2_human___646,34.50743107769426,37.105464935302734,False
oprd_human___921,36.268817073170744,34.74501419067383,False
vipr1_human___1790,63.12186612576058,7.721564292907715,True
bkrb1_human___1136,36.99230366492146,34.85612869262695,False
nk3r_human___5654,31.38607740585773,32.730712890625,False
mc4r_human___2090,35.23002923976608,35.0536994934082,False
prlhr_human___1871,34.59229487179487,44.1551399230957,False
g37l1_human___681,27.558388030888036,30.509157180786133,False
npsr1_human___1157,35.33342592592594,38.47702407836914,False
ssr2_human___1997,34.38928030303028,29.353317260742188,False
fpr3_human___3542,35.84524050632911,31.631362915039062,False
fpr3_human___574,36.21650234741784,41.60210418701172,False
oprx_human___1623,35.75868983957214,41.0087890625,False
ghsr_human___2270,34.669439024390265,37.66328048706055,False
agtr2_human___1152,34.86476982097188,30.413393020629883,False
oprk_human___3542,32.99927725118482,35.10515594482422,False
oprx_human___1790,33.96495073891626,33.47203063964844,False
vipr1_human___1136,32.86008230452677,25.561113357543945,False
mchr1_human___3548,34.41162618083671,40.49423599243164,False
rl3r1_human___687,36.00884387351776,19.04342460632324,False
ghsr_human___1099,35.634746192893374,38.13610076904297,False
bkrb1_human___582,36.90215277777775,36.87187957763672,False
gp107_human___4058,30.251219512195085,35.7197265625,False
mshr_human___1152,34.76492753623188,42.23676300048828,False
oprk_human___1643,33.19072992700728,36.6869010925293,False
gp107_human___1320,29.626353996737343,31.075977325439453,False
gpr37_human___758,26.40082966226142,41.752471923828125,False
fshr_human___2019,34.42320874471085,29.440458297729492,False
mc4r_human___1140,33.46754794520547,42.1572380065918,False
ednrb_human___3542,31.21413223140496,37.51322937011719,False
mc3r_human___681,33.62988888888884,34.54850387573242,False
mc3r_human___574,35.156047979797954,44.72659683227539,False
mtlr_human___1623,32.11872596153847,29.140308380126953,False
ssr4_human___1620,33.74743209876544,38.20736312866211,False
nmbr_human___1871,33.7374268292683,37.66761016845703,False
npff2_human___3594,27.487474226804128,33.81522750854492,False
g37l1_human___613,34.17656822810589,36.12782669067383,False
npsr1_human___2174,35.397697368421056,39.2810173034668,False
v2r_human___5654,34.95934895833333,31.18467140197754,False
ntr1_human___1099,33.14795964125561,39.80031204223633,False
ssr4_human___3548,36.01701555869875,33.458988189697266,False
npff1_human___1470,32.08958241758243,37.51366424560547,False
apj_human___612,34.02831695331698,42.68939208984375,False
ox2r_human___3700,32.57703338391501,43.22466278076172,False
fshr_human___3700,34.49939010989014,32.242530822753906,False
prlhr_human___2090,35.26135526315789,27.307764053344727,False
ssr5_human___3700,35.24076856649397,36.4244384765625,False
ssr2_human___3570,37.93788907284763,38.46796798706055,False
oxyr_human___1157,38.14032828282829,42.29761505126953,False
oprk_human___5654,34.6880152671756,41.119606018066406,False
ssr3_human___1997,34.7867415730337,39.79425811767578,False
rl3r1_human___5654,35.66950207468883,27.83186912536621,False
mchr2_human___681,35.00157824933686,28.410917282104492,False
mtlr_human___1458,32.28203917050693,38.68006896972656,False
nmur1_human___812,39.96162324649298,44.83057403564453,False
ssr3_human___3700,33.87627172195898,37.34933090209961,False
agtr2_human___3646,33.50227272727274,32.1687126159668,False
mc5r_human___573,34.805162907268155,47.28653717041016,False
ntr2_human___1579,33.68058056872039,39.22074508666992,False
mc4r_human___3606,34.48548571428568,40.44493103027344,False
v1br_human___798,31.905689655172413,32.39234924316406,False
mchr1_human___1157,33.16233100233099,37.6848030090332,False
g37l1_human___1136,29.10705882352942,38.34944152832031,False
mc5r_human___1140,34.08142458100558,41.29656982421875,False
ntr2_human___3548,35.924595336076834,41.32317733764648,False
mc3r_human___3643,35.974885714285726,39.251129150390625,False
ur2r_human___2270,32.6433025404157,33.90302276611328,False
ssr3_human___681,32.642142857142865,41.49961853027344,False
nmbr_human___11417,34.36987623762377,37.9275016784668,False
bkrb2_human___1495,32.80759661835748,35.30422592163086,False
oxyr_human___2174,37.92214824120605,41.53032684326172,False
gasr_human___1699,34.926031578947374,42.78108596801758,False
nmbr_human___3548,35.91114245416078,35.09022521972656,False
v1br_human___3645,31.415919765166343,39.128204345703125,False
bkrb2_human___754,33.213840579710144,35.60483169555664,False
fpr2_human___1047,35.70460000000001,33.242733001708984,False
pacr_human___1136,33.44393360160964,29.93982696533203,False
mchr1_human___1623,36.61740610328638,35.7081298828125,False
g37l1_human___11417,29.091616161616166,39.052303314208984,False
ssr4_human___5654,34.25591022443889,36.127689361572266,False
nk1r_human___5654,68.59238095238095,9.08523178100586,True
oxyr_human___1490,37.53882640586796,39.62452697753906,False
gnrhr_human___3594,32.78648195876286,31.406700134277344,False
agtr2_human___2019,35.41092838196283,32.79005432128906,False
ssr5_human___1997,35.586355498721254,37.17178726196289,False
oxyr_human___4358,40.5956126914661,38.505859375,False
nmur1_human___1099,39.764350220264326,45.77093124389648,False
ssr1_human___3700,35.08374587458741,40.455020904541016,False
nk2r_human___3548,36.035481171548156,35.41201400756836,False
ntr2_human___1458,33.36050925925926,42.67347717285156,False
gpr39_human___864,31.866366594360095,29.971012115478516,False
oprk_human___1623,34.63790364583334,27.898029327392575,False
ednrb_human___687,34.55891440501045,39.128299713134766,False
fshr_human___3633,33.860156675749344,23.690385818481445,False
mtlr_human___681,30.926124721603568,24.809335708618164,False
nmur2_human___1298,31.99360599078339,38.318302154541016,False
npbw1_human___3633,35.046866485013624,34.564308166503906,False
apj_human___1790,34.16051682692308,34.12116241455078,False
ssr4_human___1157,34.220417721518984,43.74061965942383,False
ssr3_human___6067,33.336056818181824,39.33612060546875,False
mrgx1_human___5336,33.63662318840579,36.105934143066406,False
gp107_human___758,29.664872754491,34.673309326171875,False
gpr39_human___810,33.2233679245283,45.65314865112305,False
ox2r_human___1140,31.775398322851128,34.53706359863281,False
fpr2_human___4058,37.42713114754099,39.11956024169922,False
ssr2_human___921,34.514656019656016,20.528636932373047,False
ntr1_human___3570,35.55937212863707,40.93417739868164,False
gnrhr_human___3935,37.69247851002866,30.6998291015625,False
qrfpr_human___1681,69.94493303571429,4.669682502746582,True
mshr_human___573,34.83712276214831,45.74053192138672,False
npbw1_human___1790,36.173502747252776,30.469669342041016,False
kissr_human___3700,36.3557259380098,43.91901016235352,False
mc5r_human___1871,34.60855072463768,43.05696487426758,False
ednra_human___613,35.55983981693363,38.24105072021485,False
ssr2_human___3700,35.08634417808217,41.623069763183594,False
ednra_human___1157,33.26168202764978,37.14532470703125,False
ntr1_human___1470,32.255790067720056,37.58565902709961,False
ssr4_human___3640,34.0942688172043,44.39690399169922,False
v1ar_human___819,33.454175152749485,40.78038787841797,False
fpr2_human___3570,39.32406996587033,17.063884735107422,False
grpr_human___11417,34.09057788944724,41.97882461547851,False
ssr3_human___582,33.494529411764695,29.813034057617188,False
v2r_human___855,56.783825503355736,8.812600135803223,True
v2r_human___771,33.97046979865774,37.11639404296875,False
npbw2_human___2945,36.62864025695932,36.59969711303711,False
kissr_human___1790,33.18232718894012,31.72445297241211,False
bkrb1_human___644,41.68276243093923,47.38465881347656,False
ssr3_human___758,32.86111111111111,39.81657409667969,False
grpr_human___687,32.401365795724466,36.67253875732422,False
fpr2_human___613,74.62880886426595,6.772858142852783,True
ghsr_human___754,35.05017467248909,38.45647811889648,False
pacr_human___1140,31.540499001996043,30.654436111450195,False
mchr2_human___1298,35.36777158774372,44.21635437011719,False
nmbr_human___3542,32.92143518518521,37.253292083740234,False
mshr_human___1997,34.44920058139538,19.7888240814209,False
agtr2_human___582,35.361013513513505,41.74359893798828,False
ednrb_human___574,31.944048543689323,49.7877197265625,False
oxyr_human___681,35.14977699530516,37.90975189208984,False
nmur1_human___5895,32.700342920354,44.72801971435547,False
kissr_human___644,41.30579852579856,32.126258850097656,False
v2r_human___3594,31.96968677494201,33.64562225341797,False
fpr3_human___1162,36.376850828729275,35.207271575927734,False
nk3r_human___1871,30.629371134020634,33.059356689453125,False
g37l1_human___1140,28.293929961089503,37.26461410522461,False
g37l1_human___6067,28.70294234592446,37.5621337890625,False
npff1_human___1136,32.698006535947734,27.483762741088867,False
ur2r_human___1152,34.790767386091126,35.438411712646484,False
oprx_human___921,34.65487745098041,37.4390869140625,False
npff1_human___1699,32.3468449781659,17.71441078186035,False
mshr_human___1579,35.967097264437704,39.19873809814453,False
npff1_human___2945,33.130682624113476,38.78142166137695,False
cckar_human___613,35.418710045662074,35.95655059814453,False
fpr3_human___3700,35.604771126760525,37.40625762939453,False
cckar_human___3548,34.86104417670684,34.331199645996094,False
ox2r_human___612,62.75280254777066,6.147494316101074,True
npsr1_human___2945,34.1202079207921,43.62189102172851,False
ntr2_human___1470,32.59742528735633,39.19646072387695,False
sctr_human___3606,33.34060043668122,33.562652587890625,False
mc4r_human___5654,34.869739130434745,42.62302780151367,False
galr2_human___612,33.090966183574864,33.103614807128906,False
gasr_human___819,32.94114423076926,37.20288848876953,False
nk3r_human___1099,31.93453346855984,37.560672760009766,False
mrgx1_human___1272,34.194832935560875,47.4366340637207,False
mc4r_human___1643,34.08440771349863,41.05363082885742,False
prlhr_human___2089,35.68552631578944,33.57895278930664,False
oprd_human___3646,35.09167391304348,38.491554260253906,False
v2r_human___2168,34.725131578947355,33.919673919677734,False
vipr1_human___921,31.38726262626262,13.136401176452637,False
nk3r_human___1790,30.705928143712583,34.39423370361328,False
v1ar_human___5654,33.70526682134571,22.894201278686523,False
oprx_human___644,35.78332453825859,33.25482940673828,False
oprx_human___4358,35.535000000000004,37.68290328979492,False
v2r_human___11417,34.85561038961042,31.86715507507324,False
grpr_human___3548,35.96623755334277,40.415775299072266,False
npff2_human___3542,28.26237588652484,37.6345100402832,False
npff1_human___1479,65.33493150684934,5.544447898864746,True
ur2r_human___2156,34.054332493702795,26.069265365600582,False
mchr2_human___585,42.308155619596555,37.11477279663086,False
v1br_human___819,32.36150905432595,38.610504150390625,False
agtr2_human___644,39.17209677419357,38.3154296875,False
npsr1_human___1490,35.07124040920715,39.83993148803711,False
ssr4_human___1643,33.15038186157521,38.56467819213867,False
v1br_human___1579,32.42243119266054,32.67585754394531,False
mc4r_human___687,38.230054200542014,27.65667152404785,False
ntr2_human___3643,33.64520594965676,36.16572189331055,False
nmur2_human___1470,33.2969659090909,39.45884704589844,False
fpr2_human___2945,35.9927525773196,34.68934631347656,False
oprd_human___1681,36.55263496143958,38.09330749511719,False
bkrb1_human___2270,34.34899244332492,42.74275970458984,False
npff1_human___3935,39.05337028824835,25.39563369750977,False
agtr1_human___1298,35.33719576719577,14.32052230834961,False
oxyr_human___2168,38.36125628140705,41.950828552246094,False
pacr_human___2270,31.65239257812497,34.27445983886719,False
oxyr_human___5654,36.20011194029851,36.85057830810547,False
agtr1_human___758,37.27649882903983,42.19723129272461,False
gpr39_human___1579,32.42005376344088,28.630802154541016,False
npbw1_human___2019,37.206286549707556,39.76890182495117,False
oprd_human___3700,35.62302385008518,41.396392822265625,False
cckar_human___5336,34.04629711751663,35.31229019165039,False
vipr1_human___3542,32.101693386773555,39.877662658691406,False
agtr1_human___582,36.46106557377044,15.195843696594238,False
mchr1_human___1620,32.725797266514796,36.12377166748047,False
ssr1_human___3548,36.57339436619721,34.06368637084961,False
sctr_human___1152,39.24533119658116,45.540584564208984,False
oprk_human___2019,34.57894670050761,34.54231643676758,False
gasr_human___1871,33.26071734475374,40.555641174316406,False
mtlr_human___8526,32.41195035460995,41.61336135864258,False
galr2_human___921,67.4396,6.2362446784973145,True
ox2r_human___613,32.62100220264317,38.78963470458984,False
mshr_human___1320,35.406984848484825,37.89933776855469,False
v1ar_human___812,33.52246435845212,37.24699783325195,False
ox2r_human___3643,33.35663481953293,40.7459716796875,False
ednrb_human___1152,31.668574468085094,41.615909576416016,False
ssr4_human___3700,34.08024875621894,42.0783805847168,False
ntr2_human___1140,32.52703160270878,40.1705436706543,False
npbw2_human___6067,35.73354929577469,38.744380950927734,False
mc3r_human___1643,34.66073446327683,37.69853210449219,False
fpr3_human___613,36.47858126721763,29.983612060546875,False
npff2_human___3592,28.373124999999966,24.214813232421875,False
qrfpr_human___3542,33.839059196617335,35.028804779052734,False
g37l1_human___4058,29.22299395161288,40.194034576416016,False
apj_human___1152,34.380686274509785,42.0412712097168,False
mchr1_human___2019,32.979243119266044,33.47405242919922,False
galr2_human___613,78.459798488665,6.310915946960449,True
apj_human___3542,33.623021327014236,37.09868240356445,False
npbw1_human___646,37.70010416666668,31.728391647338867,False
nk2r_human___1504,33.667465437787996,43.316104888916016,False
nmur1_human___1458,33.51127232142857,38.80946350097656,False
nk1r_human___798,34.440829831932746,37.03907775878906,False
mc5r_human___758,34.391539440203545,38.50325012207031,False
ur2r_human___2257,34.46182692307691,40.36967849731445,False
oxyr_human___11417,35.87397022332506,35.40242004394531,False
gpr37_human___3700,27.540289855072448,45.1131706237793,False
fpr3_human___1479,36.83239612188367,34.31247329711914,False
nk2r_human___612,33.43585882352941,34.92641067504883,False
npsr1_human___810,34.20190848214285,45.69271469116211,False
oprk_human___1681,34.72084382871536,37.757965087890625,False
ssr5_human___3548,36.87780380673498,35.48356628417969,False
prlhr_human___687,35.68654791154791,28.699440002441406,False
mrgx2_human___2019,34.732587209302324,34.027774810791016,False
ghsr_human___2090,35.267260638297884,26.122398376464844,False
fshr_human___612,34.121495844875355,25.57985496520996,False
npff2_human___11417,29.066613805970174,42.38639068603515,False
rl3r1_human___2019,31.45850931677017,29.959083557128903,False
pacr_human___2257,33.850484848484875,35.19157791137695,False
ntr1_human___5336,32.2862811791383,37.65738296508789,False
g37l1_human___3594,27.077698706099817,36.44028854370117,False
fpr3_human___3935,37.35176470588239,36.28187942504883,False
v1br_human___758,32.1054369918699,40.2484130859375,False
gpr37_human___613,26.30122792937398,30.8775577545166,False
mchr1_human___1643,32.00153421633554,40.63336944580078,False
nk2r_human___3542,32.52056818181816,32.3477668762207,False
bkrb2_human___1136,33.35166666666664,40.93180465698242,False
apj_human___585,34.69478036175711,41.5645751953125,False
ednra_human___3542,31.32141791044778,36.9554557800293,False
mc5r_human___1643,34.747247191011255,39.26383590698242,False
ednrb_human___1997,31.190010660980807,35.9312744140625,False
npbw2_human___1579,37.03936231884059,32.702510833740234,False
gp107_human___1157,29.451013179571646,28.71235084533691,False
ednra_human___687,38.95906249999997,38.05442810058594,False
rl3r1_human___1997,30.735937500000013,43.64702224731445,False
gasr_human___1283,40.787702407002186,37.59674072265625,False
npff1_human___5654,65.50889390519183,6.13917350769043,True
ur2r_human___1623,75.08475826972013,7.019614219665527,True
nk1r_human___1504,33.832629796839704,44.6688346862793,False
ntr1_human___1152,32.82189461883407,41.80061721801758,False
gp107_human___1162,29.729778325123174,28.21013832092285,False
ednra_human___1997,31.819537444933925,36.454803466796875,False
nmur2_human___1790,31.255975609756085,12.68739414215088,False
mchr2_human___1470,35.91242465753424,40.4495964050293,False
gpr37_human___1495,25.44501572327044,21.663951873779297,False
ednra_human___1623,38.445475638051036,36.13314056396485,False
gp107_human___856,48.85182939362806,11.43050479888916,True
mchr2_human___3700,35.76677477477481,42.95480728149414,False
qrfpr_human___5895,34.71413566739605,44.09282302856445,False
npff2_human___1699,28.90002727272726,40.209327697753906,False
oprx_human___2945,35.23915674603174,41.342140197753906,False
g37l1_human___1681,29.014668674698786,32.462947845458984,False
ntr2_human___2156,34.012440191387576,29.51551628112793,False
grpr_human___612,33.66590024330902,33.928897857666016,False
npsr1_human___1871,34.279373401534535,40.37139892578125,False
qrfpr_human___758,35.708476953907784,43.23727035522461,False
mc4r_human___1504,34.03877717391304,43.69763946533203,False
nk1r_human___687,32.505686936936925,37.60416412353515,False
ssr5_human___808,35.49612903225808,34.60910415649414,False
ednrb_human___1136,31.66548832271762,33.512840270996094,False
ednrb_human___1004,31.579092872570197,36.53285217285156,False
ur2r_human___1620,33.66416256157633,37.53020477294922,False
npff1_human___1152,32.85570960698689,43.491607666015625,False
gp107_human___5654,30.14809135399673,28.388521194458008,False
nk2r_human___5336,33.6511995249406,37.14598083496094,False
mchr1_human___3542,31.52413793103448,34.15231704711914,False
ox2r_human___1871,31.53707974137931,41.98234176635742,False
agtr1_human___921,71.08904282115869,5.614467620849609,True
oprd_human___758,36.353897727272724,41.38013458251953,False
mc4r_human___6067,34.52330508474573,28.658966064453125,False
qrfpr_human___821,35.59029527559054,43.51557922363281,False
trfr_human___2174,33.38732186732187,43.85490036010742,False
fpr3_human___681,34.56796153846155,34.716346740722656,False
mchr2_human___1320,37.002988668555275,39.8291015625,False
trfr_human___921,32.50258027522936,40.96680450439453,False
ntr1_human___1047,33.56165158371039,34.10185623168945,False
nmur1_human___1140,32.73989106753811,35.9514274597168,False
nmbr_human___1152,34.442308612440215,38.65363311767578,False
nmbr_human___3700,34.39382644628102,42.33757019042969,False
ssr1_human___2019,35.09218518518521,39.96149063110352,False
cckar_human___1871,33.044062500000024,43.654296875,False
mrgx2_human___1157,35.321913946587536,39.89300537109375,False
mc5r_human___798,33.865888324873104,31.373315811157227,False
nmbr_human___1047,34.403285024154584,33.2403564453125,False
gpr39_human___856,25.883038740920107,13.922041893005373,False
ednra_human___5654,32.347136363636366,38.68308639526367,False
npbw2_human___3548,38.390092024539875,39.397098541259766,False
bkrb2_human___5654,34.060841584158396,24.261184692382812,False
g37l1_human___5895,27.98497041420116,31.410385131835938,False
mc4r_human___812,34.63858024691357,41.13939666748047,False
v2r_human___1579,34.41451697127936,31.814598083496097,False
mc3r_human___1333,40.445703592814375,40.88490295410156,False
qrfpr_human___1790,34.68921841541755,31.484371185302734,False
oprx_human___1620,34.72202842377258,43.764034271240234,False
fshr_human___1157,34.693297720797744,37.1992301940918,False
gpr39_human___2089,33.20977321814256,29.5631160736084,False
mrgx1_human___4057,34.24121345029238,43.24771499633789,False
v1ar_human___585,34.57160000000001,37.37321853637695,False
npbw2_human___646,37.39891495601174,34.01180648803711,False
galr2_human___1479,68.74681012658229,8.52311897277832,True
ntr2_human___6067,33.173414351851825,28.067718505859375,False
gasr_human___776,32.86150579150579,50.89484786987305,False
pacr_human___1790,31.83890873015871,36.376895904541016,False
qrfpr_human___613,70.44195011337867,6.689060688018799,True
ghsr_human___3700,35.20005163511184,43.977054595947266,False
npff2_human___1157,29.404404536862007,39.80677795410156,False
sctr_human___1140,32.811649048625796,22.34027099609375,False
trfr_human___1152,33.61677230046953,39.95281219482422,False
nmur2_human___817,31.091328413284113,37.81372833251953,False
ghsr_human___1272,35.1371706263499,38.272335052490234,False
oprx_human___5654,35.46661879895561,46.94321060180664,False
ntr2_human___5336,32.93767898383372,38.855323791503906,False
npbw2_human___5654,37.01390173410405,41.92989730834961,False
mrgx2_human___1099,35.19631284916202,41.29475784301758,False
ox2r_human___921,31.903921161825696,30.362550735473633,False
nk3r_human___1514,31.35735528942117,46.35344314575195,False
ednra_human___1620,32.17565315315315,38.81146240234375,False
gpr37_human___1140,25.62345975232199,39.97130584716797,False
npff2_human___3700,30.494986431478964,39.0738639831543,False
grpr_human___2257,34.04583941605841,39.5882568359375,False
ssr2_human___1620,34.598808290155446,29.074024200439453,False
v1br_human___3548,34.105888290713324,37.68063735961914,False
vipr1_human___1140,31.639989795918375,25.75203514099121,False
gp107_human___3700,30.36747852760736,30.794084548950195,False
pacr_human___821,32.494577981651375,40.88489532470703,False
agtr1_human___646,36.724972752043584,22.087961196899418,False
gnrhr_human___11417,36.091038011695915,43.05329895019531,False
nk2r_human___2257,34.53207058823531,32.00669479370117,False
pacr_human___3643,33.920555555555545,32.12733459472656,False
ghsr_human___1579,35.72001322751324,36.23114013671875,False
galr2_human___3548,35.76003541076488,38.33395004272461,False
oprd_human___1623,36.81973404255317,34.87154769897461,False
ssr5_human___646,35.95202956989248,29.705646514892575,False
gpr39_human___1047,32.67346960167719,31.67753219604492,False
mchr2_human___1152,36.93974184782608,36.78157043457031,False
mchr2_human___2019,36.99374293785309,42.73079681396485,False
ssr3_human___646,36.84813380281691,14.89198875427246,False
gasr_human___821,32.908969465648845,42.763702392578125,False
mshr_human___2019,35.54416918429002,20.81124496459961,False
gnrhr_human___2257,39.39260563380283,39.97138977050781,False
prlhr_human___1514,35.73051724137931,39.53071975708008,False
nk3r_human___3640,31.6467435424354,49.724403381347656,False
trfr_human___3935,39.16922434367544,14.415854454040527,False
mc4r_human___2089,34.7798976608187,33.141754150390625,False
gnrhr_human___1623,35.41677710843373,32.7023811340332,False
v1ar_human___3646,32.15286561264822,38.09197616577149,False
v1ar_human___821,32.9989898989899,42.759159088134766,False
npbw1_human___644,37.720816023738884,32.07064437866211,False
v2r_human___3592,33.693852867830415,30.99833297729492,False
ssr2_human___1623,35.31260053619303,29.363826751708984,False
gnrhr_human___687,39.24065753424656,31.474834442138672,False
nmbr_human___921,33.54144859813084,21.097232818603516,False
fshr_human___4358,34.39677588466582,36.32088851928711,False
oprx_human___1681,35.21511627906975,40.479373931884766,False
npbw1_human___3700,36.344604051565426,39.72257995605469,False
sctr_human___2257,39.19480728051392,31.681076049804688,False
fpr3_human___3570,38.87267857142859,25.42125701904297,False
sctr_human___3643,39.021241970021435,30.701072692871097,False
ednrb_human___1620,31.59238562091504,39.16961288452149,False
npbw1_human___3594,33.92525773195877,31.173614501953125,False
mrgx2_human___687,32.72068119891007,33.295310974121094,False
v1ar_human___2019,33.28335648148151,31.173755645751953,False
prlhr_human___1504,35.54769704433499,39.98543930053711,False
mchr1_human___3570,35.4935464231355,38.35747528076172,False
nmur2_human___2019,33.05589743589743,36.83892059326172,False
v1br_human___1157,32.52401392111369,31.961076736450195,False
mrgx1_human___4058,34.61500000000001,42.73564910888672,False
mrgx1_human___1623,35.49673312883436,33.27678298950195,False
ednra_human___1867,31.383402646502834,37.72827911376953,False
mrgx1_human___6067,33.990930232558156,40.598876953125,False
gpr39_human___1152,39.32934511434515,42.94059753417969,False
oprd_human___644,41.33955380577427,36.15366744995117,False
trfr_human___1470,65.35692671394807,4.80037784576416,True
mrgx2_human___4057,34.54055714285716,40.41937255859375,False
bkrb2_human___2945,33.83629523809525,38.52809143066406,False
cckar_human___1283,36.73736301369865,38.10234069824219,False
fshr_human___1495,33.99023676880225,20.70948600769043,False
kissr_human___1136,35.455889929742426,31.623327255249023,False
prlhr_human___613,36.21560526315792,36.1574592590332,False
kissr_human___921,33.374896788990824,35.274173736572266,False
agtr2_human___646,35.556900269541785,34.500221252441406,False
mc3r_human___6067,34.59560869565217,38.11540985107422,False
kissr_human___812,40.65250530785565,39.45238494873047,False
ednrb_human___1867,30.71481617647057,40.09119415283203,False
sctr_human___1790,32.09400210084034,12.46055507659912,False
mchr2_human___11417,37.2518079096045,41.76631546020508,False
galr2_human___1162,33.85821969696971,27.763412475585938,False
rl3r1_human___2945,31.544237147595336,23.79442024230957,False
gasr_human___613,34.86746170678336,39.615455627441406,False
mrgx2_human___1867,33.31869212962964,39.49818801879883,False
v1ar_human___758,32.95717078189301,39.9121208190918,False
mc5r_human___1320,35.615532544378674,40.03754806518555,False
oprd_human___5654,38.351727272727295,41.4471435546875,False
npbw2_human___1495,35.48957865168538,38.71810150146485,False
pacr_human___3594,30.21058712121209,35.13776779174805,False
ur2r_human___1495,32.89509708737866,39.95697021484375,False
npff1_human___3592,31.46479347826084,17.655616760253906,False
cckar_human___687,36.780817204301044,39.52042770385742,False
rl3r1_human___3643,31.268447580645148,24.440488815307617,False
npff2_human___2945,29.25189024390242,38.06842803955078,False
grpr_human___1479,34.431556122448995,41.13538360595703,False
nk3r_human___1298,30.59189049586776,32.04064178466797,False
qrfpr_human___808,35.66267465069858,31.184038162231445,False
fshr_human___3643,36.7575484764543,25.359758377075195,False
gpr37_human___4058,26.090095541401265,43.22039794921875,False
grpr_human___3594,31.40698198198194,41.19211959838867,False
gasr_human___1504,33.09260869565219,46.894187927246094,False
prlhr_human___2257,35.925604534005046,32.39997482299805,False
ur2r_human___1681,34.15859605911331,40.85662841796875,False
agtr1_human___1790,70.76908860759494,5.22974967956543,True
nmur1_human___4057,33.60056053811661,42.58211517333984,False
nk1r_human___821,34.28154958677686,46.363075256347656,False
gpr37_human___6067,25.970220472440964,37.047122955322266,False
v1ar_human___2168,33.21641686182669,35.128231048583984,False
nmbr_human___3935,39.95925790754258,27.98040771484375,False
ssr4_human___1623,34.194668367346935,28.483800888061523,False
nk2r_human___5895,32.865294811320716,40.85733795166016,False
ssr2_human___1140,33.89722636815918,37.436134338378906,False
mtlr_human___754,32.20321428571428,25.90656089782715,False
mchr2_human___3594,33.553075000000014,27.39875030517578,False
sctr_human___1136,36.984573560767565,27.979480743408203,False
vipr1_human___3640,32.5611985018727,45.51872634887695,False
sctr_human___3700,34.64496183206108,42.86590194702149,False
mrgx1_human___3735,34.018617647058804,33.722503662109375,False
nmur2_human___3570,35.21946923076924,43.54697036743164,False
mc3r_human___1997,34.53064285714287,37.520301818847656,False
mc3r_human___2089,35.308873873873836,36.093902587890625,False
gp107_human___1495,56.532616372391686,11.098655700683594,True
ssr1_human___1620,34.49796568627451,37.31306076049805,False
ssr3_human___921,37.70451754385964,17.050308227539062,False
npsr1_human___3700,34.565674061433455,42.60626220703125,False
gasr_human___5654,33.22154347826088,24.324365615844727,False
ghsr_human___758,35.906509216589896,41.85134506225586,False
fpr2_human___3548,37.91997761194028,29.962844848632812,False
bkrb2_human___3700,33.92562706270626,38.35712432861328,False
prlhr_human___3700,35.78051282051284,44.19400405883789,False
galr2_human___11417,33.698179551122195,28.18074607849121,False
fshr_human___2270,33.555020297699556,19.785587310791016,False
ghsr_human___1470,34.80797953964197,36.4713134765625,False
ssr4_human___921,33.41745305164319,31.65611457824707,False
gnrhr_human___1162,36.20278931750741,40.40475082397461,False
fshr_human___1997,33.76363573407204,23.991540908813477,False
npbw1_human___1136,36.2583473389356,35.14914321899414,False
v1br_human___2019,32.58856164383563,29.39925193786621,False
nk1r_human___771,34.223343685300215,41.169776916503906,False
gpr39_human___5336,31.49853991596639,32.772682189941406,False
apj_human___613,35.627589743589766,41.98590087890625,False
bkrb1_human___1283,42.06614325068866,32.412879943847656,False
gp107_human___798,29.46978325859493,31.020919799804688,False
oprd_human___3594,33.064895833333324,34.86012268066406,False
oprk_human___1620,34.06027707808567,38.784912109375,False
trfr_human___613,35.362218137254885,37.97017288208008,False
mc5r_human___2257,35.623295454545456,42.757572174072266,False
ssr5_human___1157,35.676388140161734,41.99231719970703,False
nk3r_human___687,36.901235059760964,39.043495178222656,False
bkrb1_human___3594,34.03673123486681,38.21507263183594,False
agtr1_human___3643,71.67489637305701,5.515255451202393,True
prlhr_human___1136,35.375213032581435,26.220977783203125,False
v2r_human___1490,34.870345268542216,35.6810417175293,False
cckar_human___798,33.36829979879276,34.032291412353516,False
kissr_human___11417,34.82555825242719,42.34581756591797,False
ssr5_human___1298,34.44558746736293,43.02710723876953,False
ssr5_human___11417,34.83899470899471,26.333965301513672,False
mchr1_human___1298,31.51391156462585,41.51374053955078,False
agtr2_human___3548,36.94595307917889,37.65511322021485,False
agtr1_human___5654,73.62016129032259,6.79196834564209,True
agtr2_human___1620,34.638052631578965,41.738773345947266,False
oprk_human___921,34.26992822966507,35.87173843383789,False
mrgx2_human___4058,35.21326086956521,38.09658432006836,False
nk3r_human___2270,30.195137524557943,40.31318283081055,False
mtlr_human___5654,32.381811764705844,23.81542205810547,False
nmur1_human___754,33.45944980694982,33.240447998046875,False
npbw2_human___573,34.30944717444717,39.54922866821289,False
mrgx2_human___5654,34.71134110787169,37.28810501098633,False
agtr2_human___3700,35.39545847750866,40.39437103271485,False
ssr5_human___5654,35.182864721485416,23.8841495513916,False
ntr2_human___1997,32.48397025171625,25.32117462158203,False
mchr2_human___1162,37.71093123209167,40.12035369873047,False
gnrhr_human___2019,35.73552631578948,35.93278884887695,False
nk1r_human___2098,69.51875598086123,4.283750534057617,True
agtr1_human___585,36.6337704918033,29.213314056396484,False
mrgx2_human___3640,34.359840294840275,43.57489013671875,False
nmur1_human___1867,32.89536931818187,36.95600128173828,False
fpr3_human___1152,36.29536745406825,36.91163635253906,False
fpr2_human___687,34.946469072164945,36.16029357910156,False
nk2r_human___2089,34.16632352941178,26.3494815826416,False
mc5r_human___5895,34.41101139601141,38.466896057128906,False
rl3r1_human___681,30.343013833992103,39.9526252746582,False
gasr_human___2270,32.230519348268864,34.37477493286133,False
ednrb_human___758,32.38361764705885,49.825469970703125,False
ssr3_human___1298,32.77744851258581,41.78175735473633,False
grpr_human___2019,33.971821608040216,29.67019844055176,False
v1ar_human___681,31.897043956043944,27.15408515930176,False
mc5r_human___2270,34.26640921409214,35.12930679321289,False
mshr_human___1643,34.95518678160922,37.84888458251953,False
oxyr_human___3592,35.27710023866347,36.81486511230469,False
npsr1_human___1681,35.02494845360824,45.58182907104492,False
npbw2_human___644,37.39097953216373,33.36144256591797,False
mshr_human___1136,35.22693641618498,38.51496124267578,False
gasr_human___861,33.148669623059895,30.559206008911133,False
lgr4_human___573,25.48208780487803,0.6620143055915833,True
c5ar1_human___573,36.24602594339625,40.61126708984375,False
oprm_human___5654,34.417784503631985,40.74085235595703,False
fzd2_human___1157,35.477412587412594,41.368919372558594,False
cml1_human___2945,34.70276134122289,36.88613510131836,False
gipr_human___1140,32.31351703406816,15.07076644897461,False
ccr2_human___798,34.294435665914214,31.768497467041016,False
par4_human___11417,33.2867042606516,34.5092887878418,False
acthr_human___1320,36.427870967741924,38.888397216796875,False
cxcr3_human___6067,36.28048717948719,38.378379821777344,False
c5ar2_human___3548,36.62181402439023,37.58370590209961,False
hrh4_human___1298,33.128948655256714,35.17021179199219,False
cx3c1_human___3548,36.91630563798218,31.497642517089844,False
glp2r_human___856,24.248623110151193,15.977323532104492,False
ackr4_human___810,36.22409836065574,38.16151428222656,False
galr1_human___573,36.93224586288415,46.121063232421875,False
cxcr4_human___5654,36.7176301369863,26.07881736755371,False
fpr1_human___613,74.88711111111114,5.89796257019043,True
ccr4_human___856,27.9343587994543,12.521982192993164,False
cxcr4_human___808,36.97239336492887,34.10015106201172,False
xcr1_human___754,34.88102352941179,33.65822982788086,False
ccr7_human___855,57.16626865671648,10.892823219299316,True
lgr4_human___585,34.86247912317329,31.600276947021484,False
npy2r_human___1152,35.83454767726162,42.26229476928711,False
galr1_human___5654,36.66316298342541,24.63227272033691,False
cxcr3_human___5895,34.91958121827408,38.168121337890625,False
cx3c1_human___3647,34.003470982142844,40.43408966064453,False
npy5r_human___3548,33.36604712041888,37.67399215698242,False
oprm_human___3542,32.705837104072394,36.220947265625,False
c5ar2_human___2945,33.905403397027605,38.30974578857422,False
npy2r_human___1699,35.77603911980439,41.62567901611328,False
crfr2_human___2257,73.57262557077621,5.120290756225586,True
gipr_human___1152,33.55504048582997,37.05683135986328,False
gpr75_human___2168,27.527732240437143,28.26215553283691,False
calrl_human___754,39.133010849909546,34.5029182434082,False
gipr_human___574,32.85692949907236,44.59104919433594,False
pkr1_human___1871,33.21570217917675,44.867584228515625,False
ccr7_human___808,34.99324776785717,33.758270263671875,False
ccr2_human___758,34.71407239819005,41.042999267578125,False
ghrhr_human___3542,32.41675268817207,36.15633010864258,False
hrh4_human___687,33.4796721311476,28.864681243896484,False
xcr1_human___817,32.600163043478275,30.86676788330078,False
cxcr2_human___585,35.59839237057217,31.661773681640625,False
fpr1_human___1047,36.491524064171166,31.943220138549805,False
galr1_human___3735,36.94419618528606,34.97180938720703,False
ackr4_human___808,36.098952380952355,36.12465286254883,False
cx3c1_human___681,33.811415816326544,29.60199928283691,False
oprm_human___1298,32.61378281622911,38.425289154052734,False
crfr1_human___3643,41.25994343891398,34.594451904296875,False
cxcr4_human___3542,35.04729695431471,35.206687927246094,False
cxcr3_human___3570,38.203830845771186,41.0489616394043,False
vipr2_human___3700,33.49998468606435,36.816646575927734,False
ccr8_human___856,27.753131868131895,12.978179931640623,False
acthr_human___4057,36.824290220820174,37.47874069213867,False
fzd2_human___644,39.82717770034843,40.291053771972656,False
ccr2_human___5654,34.82892764857879,33.86905288696289,False
pth2r_human___3594,55.00947540983599,9.113775253295898,True
fpr1_human___687,35.66466408268731,34.402008056640625,False
cxcr6_human___817,32.714882729211084,31.891998291015625,False
fzd1_human___810,32.94126381215465,41.234039306640625,False
ghrhr_human___2270,68.54361884368312,6.352394104003906,True
ackr2_human___1320,34.78604534005034,46.35811233520508,False
ackr4_human___1790,35.38143782383417,33.387001037597656,False
calcr_human___687,32.25038160469667,40.99806594848633,False
lgr4_human___1157,34.82923799582459,32.09375,False
c3ar_human___3700,31.320387374461983,38.56783676147461,False
vipr1_human___1504,62.96271805273837,9.212279319763184,True
cml2_human___1681,36.51998655913979,42.30964660644531,False
pkr1_human___3570,36.49543789808917,43.32437515258789,False
ccr7_human___1579,34.70885897435901,30.956037521362305,False
c3ar_human___1470,29.966814595660743,34.600467681884766,False
hrh4_human___3645,33.016876310272565,40.412864685058594,False
pth2r_human___3542,65.12592905405413,6.175159931182861,True
npy1r_human___1298,67.11563275434241,6.536197662353516,True
xcr1_human___5336,35.19860955056181,36.914493560791016,False
calcr_human___798,32.85468692449356,41.99947738647461,False
hrh4_human___1099,33.40379186602869,39.77796173095703,False
ccr10_human___810,34.80627562642369,39.8654899597168,False
acthr_human___3633,34.662187499999995,37.7095947265625,False
cml2_human___681,34.07850765306124,39.432010650634766,False
lgr6_human___613,33.98457011258958,27.048503875732425,False
gpr75_human___6067,26.922660142348764,33.895912170410156,False
ccr2_human___1047,36.96194723618091,33.76298522949219,False
ccr1_human___754,35.27645413870247,35.557411193847656,False
cml1_human___3700,34.866649659863945,41.11407852172851,False
calrl_human___3643,40.10815573770491,35.54285430908203,False
c5ar1_human___5895,34.59449468085105,39.5711669921875,False
npy4r_human___2090,34.82983116883115,24.66425323486328,False
npy4r_human___1136,39.9053712871287,33.696449279785156,False
vipr2_human___1790,63.53991561181432,6.40426778793335,True
ccr2_human___776,34.91383146067414,41.49537658691406,False
cxcr2_human___758,35.08157710280373,40.612937927246094,False
ackr2_human___754,33.23246848739496,35.3418083190918,False
gpr75_human___5895,26.12145759717314,39.983184814453125,False
npy2r_human___2156,36.913573264781476,37.51115798950195,False
crfr2_human___3594,33.25198513800428,13.828977584838867,False
calrl_human___1470,66.96757201646092,9.382376670837402,True
crfr1_human___1470,69.22945454545447,7.80709171295166,True
pkr2_human___613,34.75564720812182,40.3018684387207,False
vipr1_human___2156,33.14676344086021,17.385446548461914,False
lgr4_human___2098,34.86575363825365,24.22280502319336,False
pkr2_human___5654,34.12731738035264,40.237308502197266,False
acthr_human___574,36.579797297297304,46.89645767211914,False
ccr8_human___812,36.6466121495327,40.07970428466797,False
ccr4_human___3542,34.94802238805973,35.77619171142578,False
ccr6_human___4358,41.02142533936653,47.9842414855957,False
ccr4_human___821,36.11643020594966,33.57605743408203,False
pkr1_human___613,36.3049751861042,43.99534225463867,False
ccr3_human___1136,34.75420572916668,30.757591247558594,False
npy5r_human___1997,29.800550847457625,37.70161437988281,False
ox1r_human___5654,33.673664383561615,24.160118103027344,False
cx3c1_human___808,35.279870588235305,37.627174377441406,False
acthr_human___1333,36.67597402597402,37.12752532958984,False
ccr7_human___1136,36.75498771498773,30.031007766723633,False
ox1r_human___612,65.31743362831853,5.402466773986816,True
crfr2_human___1140,68.7497072072072,11.658122062683104,True
npy2r_human___1871,35.78894014962593,39.64067459106445,False
ox1r_human___1699,33.26449227373069,43.02178192138672,False
ccr8_human___808,37.5066235294118,39.097877502441406,False
ccr4_human___754,36.15586283185842,35.66538619995117,False
cxcr4_human___798,35.64792161520191,30.270326614379883,False
fzd1_human___6067,32.42152466367717,37.2469482421875,False
ccr5_human___3643,36.79401055408974,33.11827850341797,False
ccr7_human___758,34.613632286995546,39.894805908203125,False
cxcr5_human___808,34.98699095022625,35.53322982788086,False
acthr_human___1157,36.878536184210525,34.6043815612793,False
npy4r_human___1283,37.02338961038961,41.00474166870117,False
ccr5_human___798,35.97339667458436,35.26918029785156,False
cml2_human___1136,39.16513020833334,34.78614044189453,False
c5ar2_human___5654,34.249471428571425,29.943151473999023,False
ccr8_human___3606,36.041045576407484,38.08826446533203,False
galr1_human___3592,37.274432717678074,37.56388092041016,False
par4_human___2019,33.52056390977444,32.38630676269531,False
xcr1_human___856,26.96606940509914,16.29037094116211,False
galr3_human___1136,70.23158690176318,8.974403381347656,True
lgr4_human___1298,34.13147938144332,31.777318954467773,False
c3ar_human___1495,30.068801980198,31.077632904052734,False
ackr4_human___798,35.15618138424822,31.793794631958008,False
cxcr2_human___5895,34.444792746114,39.17680740356445,False
oprm_human___2019,34.23370772946861,35.75602722167969,False
vipr2_human___3542,31.605052083333344,34.93292236328125,False
vipr2_human___2156,32.832477578475334,33.63861846923828,False
glp2r_human___808,29.7233467094703,37.693206787109375,False
pth2r_human___1140,57.35403087478559,11.40778923034668,True
c3ar_human___3640,38.08243291592125,42.20002746582031,False
ackr4_human___758,35.623899521531115,37.7325553894043,False
cxcr6_human___808,35.99472087378644,36.875885009765625,False
hrh4_human___1681,34.15146191646192,38.14575958251953,False
pth2r_human___1790,29.866100682593856,35.384830474853516,False
pkr2_human___1458,34.1051724137931,40.655555725097656,False
c5ar2_human___1099,34.24371232876712,36.49522399902344,False
acthr_human___3606,35.98866666666665,36.62138366699219,False
galr3_human___1162,35.19984084880633,18.053665161132812,False
par4_human___1997,32.88571601941748,32.808570861816406,False
fzd2_human___3735,35.406552315608934,36.6705207824707,False
gpr75_human___1504,26.71595486111112,54.45136260986328,False
ackr4_human___5654,36.19067493112948,32.54692840576172,False
cxcr5_human___1458,33.826154822335035,34.87527847290039,False
npy2r_human___1504,35.631642685851354,44.00952911376953,False
pth2r_human___3643,59.961646447140375,5.884520053863525,True
fpr1_human___4058,37.493178082191776,38.850006103515625,False
hrh4_human___644,40.939511278195546,35.5036735534668,False
cxcr6_human___821,35.6763245823389,37.02943420410156,False
crfr2_human___1790,68.69718120805366,6.986478328704834,True
cxcr3_human___819,35.964319727891166,34.065486907958984,False
gpr75_human___758,26.63144736842108,44.831180572509766,False
cxcr2_human___1579,35.511720430107516,31.54279136657715,False
ackr4_human___613,36.554541666666644,33.685203552246094,False
oprm_human___1157,34.189692874692874,37.11043930053711,False
cml1_human___5654,35.655466321243566,33.340267181396484,False
ccr10_human___808,35.18943287037035,37.64937210083008,False
vipr2_human___808,32.995226377952754,36.68924331665039,False
pkr2_human___1790,33.44551190476188,34.26563262939453,False
npy5r_human___2168,30.839581497797383,39.5130729675293,False
ackr3_human___989,40.646135770234984,31.928924560546875,False
cxcr2_human___2945,34.80457489878545,36.515045166015625,False
ghrhr_human___644,40.33837962962967,27.530454635620117,False
npy1r_human___1504,34.46021428571426,38.55503463745117,False
cml1_human___1157,35.10484210526315,39.61048889160156,False
cml2_human___1643,35.6350388601036,41.37119674682617,False
ccr3_human___855,58.34031034482759,10.807598114013672,True
ackr3_human___2089,34.467419354838725,37.62611389160156,False
cml1_human___687,33.290146341463405,32.8745231628418,False
cxcr4_human___2168,36.786662049861484,37.00439453125,False
ccr1_human___1790,35.42538363171354,34.84754180908203,False
ccr6_human___2257,41.01154613466332,34.36741638183594,False
cxcr1_human___808,35.819869047618994,38.791046142578125,False
ccr8_human___1514,36.591406649616374,39.821720123291016,False
pkr1_human___1681,34.03458536585365,45.209041595458984,False
gpr75_human___4057,27.57942857142858,38.82564163208008,False
lgr5_human___5654,35.24651630434782,26.463010787963867,False
cml1_human___1681,36.24838461538462,38.2834358215332,False
ackr1_human___819,33.039792176039114,36.75956344604492,False
oprm_human___1681,34.80268585131893,39.207862854003906,False
glp2r_human___1140,28.40114334470992,29.10778045654297,False
pkr2_human___921,34.147547393364945,40.425655364990234,False
pth2r_human___2257,59.75069324090124,10.637533187866213,True
cxcr6_human___681,33.670224274406344,29.671306610107425,False
xcr1_human___644,39.560906432748546,35.41645050048828,False
lgr5_human___1458,34.91944564047367,30.0279541015625,False
ccr3_human___776,35.66588028169011,45.530670166015625,False
crfr2_human___3643,72.43132420091324,4.568851470947266,True
ackr2_human___646,35.2695280612245,37.542198181152344,False
cxcr1_human___3700,35.39715929203536,40.15592575073242,False
ccr5_human___819,36.59203529411762,31.78632545471191,False
c5ar2_human___574,34.34431707317074,41.3555793762207,False
npy4r_human___5654,35.13658505154643,26.10154914855957,False
c5ar2_human___1997,34.01034340659339,27.375686645507812,False
c5ar1_human___5654,35.744559228650125,40.83901596069336,False
calrl_human___3700,34.72250000000002,33.45294952392578,False
ccr6_human___808,40.50212837837838,45.604156494140625,False
ackr1_human___758,32.312326732673256,37.29497528076172,False
ccr1_human___798,36.12899764150942,34.06310272216797,False
npy5r_human___1504,30.168866943866934,41.86661148071289,False
cxcr5_human___758,34.398102272727265,38.96976852416992,False
pkr1_human___687,37.87803488372093,41.041847229003906,False
calrl_human___3645,35.17561131386868,36.4932746887207,False
ccr5_human___2098,37.43033057851242,33.1651611328125,False
lgr5_human___1298,34.970178185745134,27.91632080078125,False
ackr2_human___856,26.986756935270805,15.315824508666992,False
calcr_human___1162,33.129730848861314,48.99799728393555,False
npy1r_human___2098,34.8892405063291,33.3408088684082,False
gpr75_human___613,31.892409090909105,29.971040725708008,False
npy2r_human___1458,71.74488833746899,5.750446319580078,True
ackr4_human___3570,38.11183760683759,38.86274337768555,False
ccr8_human___1152,37.42197127937339,42.14215087890625,False
fpr1_human___3935,81.33528301886791,4.959350109100342,True
ox1r_human___1152,34.03598233995583,40.38620376586914,False
ghrhr_human___1136,32.13088495575217,12.6688232421875,False
cml1_human___3592,34.00884615384615,33.305233001708984,False
ccr10_human___1790,33.31876884422112,26.24884796142578,False
cml2_human___3700,34.7632192982456,40.09081268310547,False
npy5r_human___1157,30.838816371681414,35.45703887939453,False
calrl_human___3935,39.966151452282155,14.42702865600586,False
ackr1_human___3645,31.60684397163122,35.05489730834961,False
cxcr4_human___4358,40.98371428571427,43.165645599365234,False
ccr5_human___776,36.74163120567377,41.180274963378906,False
oprm_human___1162,33.95365525672373,36.7983512878418,False
gipr_human___1320,33.39155532359077,35.343936920166016,False
ccr3_human___2270,34.42334586466168,37.717864990234375,False
npy1r_human___771,34.65791304347826,39.84484100341797,False
hrh4_human___3633,31.710501165501164,30.491291046142575,False
lgr4_human___2019,34.77050259067352,33.22693634033203,False
vipr1_human___1152,65.70160824742268,6.977379322052002,True
ccr10_human___1643,35.98262086513996,34.06767654418945,False
ghrhr_human___1152,65.88272727272734,6.336843967437744,True
ccr9_human___855,59.11601010101003,11.309614181518556,True
ackr1_human___989,38.32768907563023,34.16592025756836,False
pkr2_human___1681,35.07652119700747,43.50044250488281,False
ackr3_human___921,34.75122500000001,27.701845169067383,False
fzd1_human___1320,32.068280303030306,41.09955978393555,False
par4_human___3570,36.83114516129035,38.271705627441406,False
lgr5_human___1997,34.80495182012847,27.93313980102539,False
ackr1_human___856,25.784640338504964,14.398737907409668,False
cxcr2_human___1099,36.83460051546391,40.18771743774414,False
npy1r_human___1871,33.91900990099006,39.59600830078125,False
par4_human___2270,32.95476689976691,34.08959197998047,False
ccr10_human___3646,33.03731111111114,33.4558219909668,False
c5ar2_human___3935,38.88557262569833,30.348617553710938,False
ackr1_human___1579,33.219137931034496,36.63246154785156,False
ccr9_human___2168,35.54822751322752,38.86945724487305,False
cxcr1_human___821,35.32251756440281,36.5474739074707,False
cxcr5_human___1136,33.237531172069794,33.28205871582031,False
cxcr2_human___687,39.95547858942067,41.69637298583984,False
ccr10_human___687,35.739711779448584,33.639495849609375,False
par4_human___1458,33.391203931203954,31.405614852905273,False
fzd1_human___612,32.49071216617211,35.96650695800781,False
cxcr1_human___1790,34.75604922279791,33.00249481201172,False
c3ar_human___1643,31.367914230019494,40.34766387939453,False
cx3c1_human___5654,70.13529891304346,8.04725170135498,True
pkr1_human___1470,33.286877990430646,44.401371002197266,False
glp2r_human___2257,29.69018103448276,35.7327995300293,False
crfr2_human___2168,71.43261904761901,10.9658784866333,True
c5ar1_human___574,36.0581914893617,41.01372528076172,False
galr1_human___3700,36.938333333333375,20.279401779174805,False
gipr_human___798,33.19764485981311,33.728546142578125,False
oprm_human___3548,35.76700278164115,34.091896057128906,False
npy4r_human___687,34.54430825242717,23.75410842895508,False
fzd6_human___3735,30.514378453038663,30.68525505065918,False
ccr3_human___1790,34.68745524296678,29.12864875793457,False
calrl_human___1152,39.41126789366056,39.85179901123047,False
vipr2_human___1283,69.37551339285709,8.683798789978027,True
ccr3_human___3647,34.613046874999995,43.340328216552734,False
c5ar1_human___1495,34.74671581769438,37.66817855834961,False
ccr9_human___856,27.219710242587585,14.18019962310791,False
fzd6_human___3542,29.351858288770046,43.73639678955078,False
npy5r_human___3570,34.26219852941179,36.325828552246094,False
calcr_human___3935,39.422727272727265,21.566940307617188,False
ccr4_human___798,35.890675990675966,35.712276458740234,False
ccr1_human___771,36.39987238979119,40.71421813964844,False
cxcr3_human___821,35.557123595505644,38.53679656982422,False
ccr3_human___4358,35.28627659574468,32.01646041870117,False
cxcr3_human___3646,35.02527412280703,34.54561996459961,False
glp1r_human___1136,32.559227642276426,22.854360580444336,False
lgr6_human___1333,33.84849182004088,45.36082458496094,False
ghrhr_human___3643,35.761322222222226,17.837434768676758,False
fzd2_human___1490,35.560452991453,39.07493209838867,False
ghrhr_human___1272,32.64846153846154,44.99883270263672,False
acthr_human___1272,35.77685279187817,34.61272430419922,False
hrh4_human___3700,33.111628099173586,46.43304061889648,False
cxcr1_human___758,35.552751196172245,41.34314727783203,False
ackr2_human___808,35.18928414096922,36.023136138916016,False
ccr1_human___646,36.298236914600544,32.45368957519531,False
cxcr2_human___819,35.4783140877598,33.64060592651367,False
c5ar2_human___921,33.73145333333335,25.745649337768555,False
calrl_human___3548,35.495948717948785,36.09307861328125,False
lgr5_human___921,34.661925925925935,29.03670883178711,False
ackr1_human___3647,32.02775058275057,38.383914947509766,False
fzd2_human___758,35.49003159557657,41.69000625610352,False
xcr1_human___3542,33.89514666666669,34.60413360595703,False
lgr4_human___776,44.76444227005874,0.8768900632858276,True
ackr4_human___1099,38.23693121693122,39.595027923583984,False
c5ar1_human___646,36.216131284916194,33.19331741333008,False
crfr1_human___1514,35.1930266075388,42.198204040527344,False
hrh4_human___1140,31.88565011820336,38.65286636352539,False
ccr6_human___855,58.55611018363945,10.715696334838867,True
lgr5_human___1140,34.77170744680854,27.12577247619629,False
vipr2_human___1047,34.53077922077922,34.83717346191406,False
pkr1_human___989,33.26425120772949,37.02491760253906,False
ccr6_human___758,41.22404977375563,48.12742614746094,False
crfr1_human___3700,36.666333333333355,42.68724060058594,False
c5ar1_human___3592,34.91565789473683,33.541969299316406,False
fzd2_human___681,38.68805647840525,26.679115295410156,False
c5ar2_human___1047,35.83306094182823,28.443510055541992,False
ccr5_human___1699,36.06232894736845,34.834716796875,False
ackr3_human___5336,34.25371428571429,38.143070220947266,False
ccr6_human___5654,35.67382428940565,42.14485168457031,False
fzd2_human___856,29.22407249466948,13.756817817687988,False
c5ar1_human___3700,35.72554867256636,39.97170639038086,False
ccr6_human___856,54.67085676037484,11.714406967163086,True
galr3_human___1157,35.22617333333337,21.107576370239254,False
ccr5_human___3645,35.759749430523904,38.932491302490234,False
npy1r_human___2090,34.409314720812205,23.22944068908691,False
c3ar_human___798,30.602558983666047,32.05030822753906,False
galr1_human___2945,36.18672877846791,13.8887939453125,False
fpr1_human___3570,38.645820512820485,38.1949462890625,False
pth1r_human___2257,32.16569354838711,12.472846031188965,False
ccr9_human___817,32.105332661290326,31.615385055541992,False
glr_human___758,33.204926605504596,38.17083740234375,False
cxcr5_human___3570,37.24909390444808,38.104103088378906,False
ghrhr_human___2257,65.57022222222221,6.564789772033691,True
gipr_human___1298,33.329721649484526,37.39945983886719,False
ccr3_human___798,35.47873820754715,39.64122772216797,False
ccr7_human___1490,36.81502512562814,41.42952346801758,False
ccr1_human___776,36.5231455399061,40.96210479736328,False
fzd6_human___921,30.192654569892422,27.006790161132812,False
glp1r_human___1152,33.69177189409373,30.440597534179688,False
crfr2_human___1272,34.84772637795279,39.81598663330078,False
par4_human___1298,32.89404702970295,34.06950759887695,False
ackr3_human___2257,35.0554498714653,37.47958755493164,False
ccr4_human___758,36.69848130841124,40.938232421875,False
lgr4_human___5654,34.670824688796706,23.809350967407227,False
ox1r_human___758,33.87960446247467,24.697893142700195,False
npy2r_human___1479,72.82061696658103,6.464815616607666,True
ccr5_human___1136,36.09644356955383,39.42098617553711,False
ccr7_human___810,34.94643956043958,41.49846267700195,False
pkr1_human___1004,32.86272946859904,32.88133239746094,False
glp1r_human___1333,33.981635021097055,27.844560623168945,False
cxcr3_human___2098,36.575738786279686,30.42026138305664,False
glp2r_human___3646,28.616864274570936,41.072288513183594,False
cxcr5_human___821,34.65956570155901,34.93605422973633,False
cxcr4_human___646,36.84025000000001,30.493816375732425,False
cml2_human___644,40.169478021977994,41.11419296264648,False
ccr1_human___2098,36.44416666666667,30.56295394897461,False
ccr3_human___2019,35.671124661246616,43.38362503051758,False
ccr4_human___681,35.00619647355165,34.92091369628906,False
npy1r_human___921,33.78504739336492,25.76787376403809,False
c3ar_human___2019,30.64614919354842,31.50229263305664,False
npy2r_human___861,36.25307792207794,29.259729385375977,False
calrl_human___4057,34.40344074844076,36.118038177490234,False
pth1r_human___3542,31.900346456692937,13.221465110778809,False
glr_human___3643,68.89343253968254,11.363553047180176,True
ccr5_human___758,36.68659523809521,40.44800567626953,False
npy5r_human___5895,29.74772823779191,36.15582275390625,False
calcr_human___1140,31.700404339250444,22.308921813964844,False
lgr5_human___3606,34.803643243243265,35.710060119628906,False
gipr_human___3594,30.63317490494294,14.190184593200684,False
pth1r_human___3594,53.76346094946397,6.407952785491943,True
cml2_human___3592,34.045350649350674,31.99318504333496,False
npy5r_human___3643,30.908177966101707,42.23679733276367,False
cx3c1_human___921,35.55274809160304,27.751079559326172,False
calcr_human___3643,68.6060279441118,6.3892951011657715,True
galr3_human___3594,32.167698598130805,40.1744499206543,False
pth2r_human___5895,28.881571180555575,23.151060104370117,False
glp2r_human___3542,28.23294117647058,42.020652770996094,False
fzd6_human___681,29.72838492597577,40.130863189697266,False
pth1r_human___1152,31.681795491143312,13.570426940917969,False
cxcr6_human___855,29.93428571428572,13.315972328186035,False
glp1r_human___4358,33.2303672316384,34.0423583984375,False
ox1r_human___1157,33.782337962962934,31.956188201904297,False
ccr10_human___3640,37.92068337129841,43.44289779663086,False
fzd1_human___1490,32.349295352323814,36.88108444213867,False
ccr9_human___808,35.20997722095674,37.10236358642578,False
vipr2_human___921,64.43876050420168,8.883121490478516,True
cxcr4_human___921,38.193256410256424,23.28783416748047,False
ccr10_human___3700,34.62981802426339,40.38327407836914,False
ccr2_human___754,37.35369098712445,34.30765151977539,False
calcr_human___3700,33.64126269956457,39.42755508422851,False
ccr6_human___1152,41.09437810945276,38.51275634765625,False
pth2r_human___1162,59.946404293381065,6.451826572418213,True
vipr1_human___1871,32.26223270440253,46.79935073852539,False
ackr1_human___1470,32.45897506925209,34.83916091918945,False
cml1_human___574,35.1556502242153,44.752906799316406,False
cxcr4_human___758,36.280440476190456,36.64302062988281,False
ox1r_human___1871,32.95031460674154,43.87924575805664,False
xcr1_human___3647,34.987053990610306,37.091827392578125,False
cml2_human___646,36.10917355371903,36.90928268432617,False
pth1r_human___855,51.20354523227382,10.838249206542969,True
cxcr6_human___2156,35.67178571428575,34.19804763793945,False
gpr75_human___2090,27.596236363636343,26.416284561157227,False
fzd1_human___644,38.56217987804879,37.184349060058594,False
fzd6_human___3594,28.81977154046997,35.131935119628906,False
crfr1_human___2257,37.47652714932129,40.68185806274414,False
ackr1_human___1458,33.375921787709515,35.07285690307617,False
galr3_human___3643,71.96582278481014,10.85472011566162,True
fpr1_human___1157,37.80557422969185,34.76662826538086,False
fzd2_human___921,35.41664179104477,33.12203598022461,False
vipr2_human___1152,66.37796137339046,6.243615627288818,True
ccr9_human___798,34.55267123287671,32.2657585144043,False
calcr_human___2257,34.375778443113774,37.84661483764648,False
cxcr6_human___1320,35.14064788732395,45.218963623046875,False
xcr1_human___1790,34.81207317073172,35.659446716308594,False
par4_human___574,33.95141921397378,23.63488006591797,False
ackr3_human___1004,40.493276762402076,32.32032012939453,False
cxcr3_human___3645,35.73493406593408,39.32421112060547,False
ccr2_human___771,34.44419999999999,40.394893646240234,False
cxcr6_human___810,35.69886634844868,36.04672622680664,False
cxcr1_human___798,35.08287589498806,29.830278396606445,False
lgr6_human___1157,34.08598562628339,32.405887603759766,False
galr3_human___613,81.36679894179896,8.566811561584473,True
cxcr3_human___1790,34.797339108910876,33.94404220581055,False
cxcr3_human___2257,36.714898734177204,36.644630432128906,False
cxcr1_human___3542,34.36747448979593,36.54121017456055,False
lgr6_human___582,33.843136550308024,46.729766845703125,False
cxcr1_human___1504,35.60018134715023,43.17704772949219,False
fzd6_human___646,30.814082633053197,29.11890983581543,False
cml1_human___681,33.71075609756095,33.73866271972656,False
cx3c1_human___817,32.24242738589212,33.18379211425781,False
ackr2_human___821,34.05554229934924,42.70268249511719,False
npy1r_human___2089,34.618743654822325,33.0646858215332,False
npy4r_human___771,35.56245011086474,40.152591705322266,False
pth2r_human___1152,29.920839100346036,12.9503812789917,False
ccr7_human___856,27.354001331557903,13.38981819152832,False
fzd2_human___1643,34.85469798657717,36.07875442504883,False
galr3_human___921,70.14133004926107,7.509397506713867,True
ox1r_human___1479,66.67193995381064,7.076049327850342,True
glp2r_human___1152,29.705258175559436,43.44265365600586,False
ackr2_human___921,34.44061611374405,37.24517059326172,False
ccr7_human___1504,34.53642512077293,38.92644882202149,False
c3ar_human___2168,30.960763747454205,33.52138900756836,False
ox1r_human___613,68.95128735632181,6.212502956390381,True
cx3c1_human___2257,34.479986910994754,24.348711013793945,False
vipr2_human___1136,32.99680942184154,37.63078308105469,False
fzd1_human___921,32.30445255474452,32.77423095703125,False
gipr_human___1136,33.68781818181818,16.20574951171875,False
ackr3_human___2019,34.55941489361704,38.78947830200195,False
npy4r_human___1514,35.571581508515834,39.47737884521485,False
ccr4_human___3640,36.19699084668193,42.751338958740234,False
galr3_human___644,40.66839522546419,12.166377067565918,False
crfr2_human___1867,34.47270955165695,38.28324890136719,False
vipr1_human___808,33.5034724857685,36.767967224121094,False
ccr5_human___5654,37.11341095890411,36.80193710327149,False
gipr_human___1790,32.711394422310754,42.555519104003906,False
fzd6_human___3548,47.828029268292745,0.0580705814063549,True
cxcr5_human___2257,33.78364661654134,29.52590560913086,False
ccr6_human___817,38.57141716566866,44.98128509521485,False
cx3c1_human___856,55.48101648351653,11.945262908935549,True
ccr10_human___1514,34.13920854271354,40.50224685668945,False
acthr_human___4358,37.07058904109589,34.48789596557617,False
crfr2_human___1333,72.80656398104267,6.7464776039123535,True
glr_human___1272,32.76061846689893,39.053558349609375,False
cxcr1_human___819,35.76563829787236,34.165771484375,False
galr3_human___612,68.47994936708868,6.230033874511719,True
npy2r_human___2270,34.61608235294119,41.51007080078125,False
ccr9_human___810,35.355661434977605,39.4771728515625,False
pkr1_human___3548,35.91736657303369,35.870445251464844,False
ccr8_human___861,37.099150417827275,32.25797653198242,False
lgr6_human___1997,33.49220824949701,26.648178100585938,False
glr_human___2257,34.12587301587304,38.74930191040039,False
glp1r_human___3542,62.88944554455441,6.46139669418335,True
lgr6_human___2270,37.51440158259148,0.2559115588665008,True
ackr3_human___1579,34.64625668449196,39.93553161621094,False
crfr1_human___1790,33.715787139689596,19.046119689941406,False
glr_human___754,32.305289982425286,24.59111785888672,False
fpr1_human___2019,37.31564560439559,33.34541320800781,False
pkr2_human___1867,33.514773662551434,39.42041015625,False
glr_human___6067,33.26095190380762,33.473175048828125,False
crfr2_human___921,69.38231625835186,6.194401264190674,True
npy5r_human___758,31.54871345029241,36.983787536621094,False
ccr3_human___3542,33.64506297229215,33.74500274658203,False
npy4r_human___1140,34.37685049019608,27.613021850585938,False
ccr9_human___3542,34.121581508515845,32.68317794799805,False
fpr1_human___612,73.80694960212197,5.5415425300598145,True
ccr9_human___3548,37.219789244186025,31.427568435668945,False
c3ar_human___2090,30.754735772357733,27.159481048583984,False
lgr6_human___5654,33.883622448979565,27.346363067626953,False
pkr2_human___989,34.31527160493824,34.42658996582031,False
pth2r_human___1099,30.42673010380622,23.45621109008789,False
glp1r_human___1157,33.51379787234042,37.11587905883789,False
cxcr6_human___2270,34.12423575129534,33.25238800048828,False
fzd2_human___3548,37.14429864253399,38.23908996582031,False
ackr1_human___573,32.58285365853656,41.14608001708984,False
npy2r_human___1157,36.427293814432986,37.395992279052734,False
fpr1_human___771,36.52174882629105,33.79536819458008,False
pth1r_human___1283,71.45407960199003,5.546355247497559,True
glp2r_human___3645,29.25451562500002,37.9122428894043,False
cml2_human___1157,36.468066298342535,33.93525695800781,False
pth1r_human___1871,57.47148450244703,8.714838027954102,True
cxcr5_human___819,34.8913595505618,32.570377349853516,False
crfr1_human___921,34.10621412803532,16.99370574951172,False
cxcr1_human___3643,41.45607427055702,38.34214782714844,False
ccr5_human___754,39.29195945945949,35.81201934814453,False
crfr1_human___687,40.875973451327425,37.38405990600586,False
lgr6_human___4057,33.893115501519766,40.60589599609375,False
c5ar1_human___921,35.021443298969054,23.521699905395508,False
oprm_human___3700,35.29555284552848,40.49540710449219,False
crfr2_human___1152,73.25291571753986,6.044897556304932,True
c5ar2_human___2257,39.291923076923084,28.236433029174805,False
gpr75_human___2089,27.47898181818181,28.617700576782227,False
crfr1_human___2174,35.30887971698111,33.60607147216797,False
acthr_human___3542,35.04365781710915,38.05375671386719,False
ccr1_human___861,35.87506963788304,30.038042068481445,False
calcr_human___1099,33.747151394422296,45.16830062866211,False
npy2r_human___1283,35.78264705882353,30.644895553588867,False
ccr4_human___1152,37.38081185567014,36.83615493774414,False
ccr1_human___644,36.403434065934064,30.698833465576172,False
ccr8_human___821,36.442118055555554,41.288795471191406,False
galr1_human___11417,72.75487603305777,9.911489486694336,True
cml2_human___687,36.186020408163266,31.83867073059082,False
npy1r_human___3700,34.4456093489149,35.5853157043457,False
acthr_human___1790,35.989819819819814,42.86295318603515,False
cxcr1_human___3645,36.00891304347823,36.80944061279297,False
oprm_human___1643,33.07561484918796,37.43947982788086,False
glr_human___1140,65.35213725490198,8.5996675491333,True
gpr75_human___3548,29.31545401629799,39.01373672485352,False
fzd1_human___989,38.52005239520955,34.03444290161133,False
xcr1_human___687,34.35637837837841,28.84030532836914,False
lgr5_human___1157,35.292844638949695,30.637571334838867,False
ghrhr_human___758,33.14606924643584,44.61606216430664,False
npy1r_human___812,34.80712253829321,38.19000244140625,False
glp1r_human___2945,33.20922110552768,37.86481857299805,False
ccr9_human___2257,36.67863636363634,31.378196716308594,False
crfr1_human___3647,34.712017716535435,39.47547149658203,False
calrl_human___776,34.53449248120297,45.09968566894531,False
pth1r_human___3643,31.192153225806454,13.671833038330078,False
npy5r_human___1681,31.20621212121208,36.50231170654297,False
npy5r_human___1871,30.153892473118276,39.12944412231445,False
galr1_human___1157,37.27367977528092,36.61115264892578,False
galr1_human___1479,40.02894957983192,13.426100730895996,False
ccr10_human___758,34.76168604651164,39.84503555297851,False
glp1r_human___2257,33.82045918367345,27.659814834594727,False
pth2r_human___1867,30.192300613496933,39.13187026977539,False
cml2_human___2945,34.90452965235176,37.448638916015625,False
cxcr5_human___3645,34.482342047930274,36.96280670166016,False
ccr6_human___681,39.360194647202,29.67445373535156,False
ccr1_human___1579,36.09722070844687,30.448097229003903,False
par4_human___687,38.457535545023696,37.45708465576172,False
ackr3_human___810,35.09871298405467,43.76011276245117,False
cxcr6_human___1152,35.76214864864864,40.335350036621094,False
glr_human___1162,33.37662551440333,32.67654800415039,False
cxcr3_human___758,36.343990825688074,42.7480354309082,False
cxcr5_human___771,34.84085937500002,39.81032180786133,False
galr3_human___1623,80.72491935483866,8.417930603027344,True
ccr2_human___3645,33.92387201735358,40.044281005859375,False
ccr1_human___2089,35.70254794520544,29.417713165283203,False
glp1r_human___3643,67.06848979591837,8.261444091796875,True
pth1r_human___1140,59.80597444089458,6.922428607940674,True
ccr8_human___798,35.80833726415094,32.0548210144043,False
pkr2_human___1152,34.21548543689322,42.1869010925293,False
ghrhr_human___1867,32.067552380952364,40.355316162109375,False
c5ar1_human___1136,35.144182058047505,32.84366989135742,False
fzd6_human___3646,29.825976070528966,41.81940078735352,False
cxcr2_human___771,34.82365825688071,38.3590202331543,False
fzd6_human___644,31.196510489510466,37.881988525390625,False
pth1r_human___1790,28.33921303656596,36.59858322143555,False
npy4r_human___1871,34.89701265822784,40.93441390991211,False
fzd2_human___817,38.576546242774526,34.27922058105469,False
glp1r_human___1272,32.45156249999999,34.478641510009766,False
lgr5_human___2019,35.32925081433227,32.74732208251953,False
ccr2_human___3570,36.925697865353044,37.52475357055664,False
glp2r_human___1136,29.33878865979382,26.210243225097656,False
fzd1_human___3548,34.438498964803316,38.20688247680664,False
npy1r_human___644,38.216412213740455,36.56226348876953,False
par4_human___1579,33.57924433249368,30.158214569091797,False
oprm_human___2945,34.12769662921348,41.47867202758789,False
ox1r_human___3735,33.21887133182848,31.420541763305664,False
pth1r_human___3645,32.39905147058825,37.559871673583984,False
cxcr2_human___3645,35.47668903803131,37.4078483581543,False
ccr7_human___817,31.854712871287123,31.222803115844727,False
cx3c1_human___644,71.13813186813182,6.304123878479004,True
ghrhr_human___613,39.70155889145496,26.828027725219727,False
ccr10_human___855,56.89758091993189,11.458175659179688,True
ackr2_human___2174,35.02002544529258,35.42470932006836,False
glp2r_human___3643,29.66335344827585,22.847078323364254,False
ccr2_human___2168,34.34130548302876,34.76243591308594,False
calcr_human___1152,33.46782868525899,44.2134895324707,False
c3ar_human___758,30.86276363636363,38.39190673828125,False
xcr1_human___646,35.72422287390029,32.12174606323242,False
ackr2_human___681,33.5956057007126,33.561466217041016,False
ackr3_human___4358,34.64305813953485,37.631370544433594,False
glp1r_human___1140,66.67231854838707,5.152129173278809,True
glr_human___1152,34.13555445544553,37.90802764892578,False
gipr_human___3542,32.41182086614173,40.55817794799805,False
ccr9_human___758,35.1645995423341,42.92670822143555,False
gipr_human___3643,41.020953346856,45.936729431152344,False
cxcr5_human___3700,34.684838160136245,41.09043884277344,False
galr1_human___3548,38.04847305389225,38.14874649047851,False
vipr2_human___1140,64.19354564755838,7.566657543182373,True
cxcr6_human___798,35.335425790754265,31.870643615722656,False
npy4r_human___2089,35.4806753246753,34.80941390991211,False
ox1r_human___4058,34.027056818181826,45.26835250854492,False
hrh4_human___1272,32.15228952772078,39.8051643371582,False
ccr8_human___754,35.401946308724824,33.65146255493164,False
cml1_human___1479,35.31502624671912,36.76605224609375,False
gpr75_human___1152,27.13683098591554,37.91756057739258,False
par4_human___681,31.954751184834155,34.36660385131836,False
galr3_human___1790,68.74774752475246,7.81852912902832,True
npy4r_human___2098,36.77115284974094,35.375701904296875,False
pkr2_human___1871,33.46191831683167,44.447418212890625,False
fzd1_human___2945,33.88128040973109,36.85729217529297,False
fpr1_human___1152,36.91519841269842,38.73816680908203,False
ackr3_human___1157,35.18956639566396,40.517120361328125,False
ccr4_human___771,36.370126146788984,39.40167999267578,False
cxcr4_human___1099,38.33068421052631,43.64894485473633,False
ccr8_human___3570,39.00147457627116,18.537256240844727,False
ackr4_human___855,59.50255652173916,10.882482528686523,True
c5ar1_human___1579,35.7210773480663,32.6428337097168,False
ccr4_human___1579,36.75216397849461,32.696990966796875,False
fzd1_human___681,31.532119883040952,35.002689361572266,False
ccr7_human___2156,34.766437823834195,29.03683280944824,False
fzd6_human___758,30.441311369509034,44.31363677978515,False
ackr2_human___1157,34.99187979539643,34.300235748291016,False
c3ar_human___5654,30.981868686868683,33.87213897705078,False
ackr4_human___3643,36.73553050397875,36.02950668334961,False
xcr1_human___2270,34.58660477453583,31.261106491088867,False
lgr6_human___4358,27.11701449275361,3.3299400806427,True
calrl_human___681,33.443032128514055,33.26900100708008,False
pkr2_human___1004,33.34240740740739,32.98228073120117,False
ccr3_human___3700,35.627657894736835,43.249996185302734,False
ackr1_human___798,32.13765432098769,33.04535675048828,False
cxcr2_human___921,34.72481155778893,36.224853515625,False
hrh4_human___758,33.05529475982533,41.07611846923828,False
ccr6_human___687,40.224257907542565,28.898527145385746,False
c5ar2_human___1162,34.00592485549133,34.78785705566406,False
glr_human___1136,69.08841897233197,5.227846145629883,True
glr_human___3542,64.1376107899807,8.786087989807129,True
cxcr4_human___644,82.73481994459836,7.327216625213623,True
cml1_human___1047,34.27637279596978,33.26462936401367,False
ccr2_human___921,33.66804611650484,31.903247833251953,False
glp2r_human___2019,29.533765432098786,34.60289764404297,False
crfr1_human___1152,36.91102708803612,35.945556640625,False
fzd6_human___808,30.84884020618555,38.734954833984375,False
calcr_human___921,65.16224609375,7.405487537384033,True
pkr1_human___1157,33.58594999999999,34.0050163269043,False
pkr1_human___1867,32.22406060606062,39.17937850952149,False
cx3c1_human___798,34.55502358490568,29.78119659423828,False
ackr2_human___758,34.52950221238939,43.089847564697266,False
