identifier,B_POI
cckar_human___864,1.170802563976058
ghsr_human___2156,29.23587509220107
lgr4_human___573,71.35731387991206
c5ar1_human___573,8.900618245006234
oprm_human___5654,-0.0
ednrb_human___613,0.5219456242692788
pacr_human___3570,31.19907479801202
fzd2_human___1157,-0.0
ssr1_human___5654,-0.0
ntr2_human___1099,7.209718136950564
grpr_human___1136,7.191196828208359
agtr2_human___1790,-0.0
cml1_human___2945,19.712209050912072
ntr1_human___798,24.872381167037275
gipr_human___1140,68.55059275362898
ntr1_human___1579,7.626504792282176
gpr37_human___3594,-0.0
nk3r_human___2090,16.82555485764221
ox2r_human___3735,-0.0
ccr2_human___798,23.378265387409904
mrgx1_human___687,1.533607439382398
par4_human___11417,-0.0
acthr_human___1320,8.730205537288164
oprd_human___2019,11.178266742747878
cxcr3_human___6067,112.08208762109632
c5ar2_human___3548,91.64542703138164
hrh4_human___1298,13.062806827659337
bkrb2_human___582,18.24389223384694
kissr_human___3594,7.993450283415697
cx3c1_human___3548,87.09954626941295
qrfpr_human___681,5.314487740779128
glp2r_human___856,87.95031158004916
ackr4_human___810,29.187376938342364
galr1_human___573,9.722318413657078
cxcr4_human___5654,-0.0
oprd_human___1162,-0.0
v1br_human___2168,3.6064753585833382
fpr1_human___613,-0.0
ccr4_human___856,38.54495504242589
cxcr4_human___808,-0.0
xcr1_human___754,4.070996004727247
pacr_human___4358,44.65247768142798
ccr7_human___855,11.150381120531968
oprx_human___1136,-0.0
ur2r_human___3643,2.410474400869148
lgr4_human___585,-0.0
npy2r_human___1152,-0.0
lgr4_human___817,75.9872762612481
galr1_human___5654,1.8703186533611391
cxcr3_human___5895,41.460705344986856
cx3c1_human___3647,50.12436183557976
gpr37_human___585,63.279892394112174
nk1r_human___612,-0.0
v1br_human___821,36.44104054056141
npy5r_human___3548,70.92281280736074
bkrb2_human___1790,-0.0
oprm_human___3542,29.65160317310791
npbw2_human___3640,23.516299687852925
ssr1_human___1997,-0.0
ox2r_human___5654,-0.0
pacr_human___1579,-0.0
nk1r_human___644,4.952850135968114
ntr1_human___585,7.452937543252723
c5ar2_human___2945,26.089366307968163
npy2r_human___1699,82.51940914558884
crfr2_human___2257,73.41972972535547
ssr5_human___2019,-0.0
mshr_human___1140,-0.0
nmur2_human___1099,14.210404565975065
gipr_human___1152,10.799513231249296
kissr_human___1643,-0.0
npff2_human___681,79.5994887774597
kissr_human___1871,1.0298448275577472
trfr_human___3548,78.44877561290275
gpr39_human___2019,4.349860541268144
galr2_human___3643,-0.0
bkrb1_human___3542,9.767373511639777
gpr75_human___2168,-0.0
calrl_human___754,81.79570516257299
npsr1_human___2168,28.52651874926951
gipr_human___574,15.711877328881531
pkr1_human___1871,53.52441315470568
ccr7_human___808,0.7692942578424621
ccr2_human___758,-0.0
npsr1_human___5654,4.065038826788507
nk3r_human___1504,36.89889159147384
ghrhr_human___3542,57.74518343911716
hrh4_human___687,3.900292510554453
mrgx1_human___3640,0.0169860799208481
agtr2_human___613,23.38608681998432
sctr_human___2156,58.63750601273468
nmur1_human___1579,30.83387604512493
xcr1_human___817,2.656630497086559
trfr_human___4058,3.9528457568412985
mshr_human___5654,8.095353845280076
fshr_human___3640,80.9112555013312
galr2_human___2019,-0.0
cxcr2_human___585,48.603100929739874
npff1_human___11417,-0.0
npff2_human___1790,-0.0
fpr1_human___1047,20.46213881107557
mchr1_human___1790,-0.0
nmur2_human___2270,70.5872858961675
nmur2_human___1579,27.30514531374299
galr1_human___3735,39.93893123052777
mc3r_human___2270,10.462272001934492
ackr4_human___808,8.68742894843641
cx3c1_human___681,0.5630358612995494
oprm_human___1298,81.06175712646831
crfr1_human___3643,54.675545313439976
gpr37_human___2168,38.11147766865915
rl3r1_human___574,-0.0
oprk_human___2945,27.94232465090985
apj_human___1479,13.485275163527096
cxcr4_human___3542,-0.0
cxcr3_human___3570,39.02843322528869
gnrhr_human___3548,92.50743282249402
vipr2_human___3700,17.19583921417681
ccr8_human___856,21.332451737500723
mrgx2_human___574,66.19415494278361
ssr3_human___2019,23.267518342728284
acthr_human___4057,31.94839116217294
apj_human___2945,-0.0
nk1r_human___1514,-0.0
mtlr_human___1099,42.36989992730085
nk1r_human___1871,15.46819659529298
fzd2_human___644,-0.0
bkrb1_human___5654,-0.0
ccr2_human___5654,-0.0
bkrb2_human___3548,78.30809659057395
pth2r_human___3594,65.98453947361126
fpr1_human___687,6.501801721293818
cxcr6_human___817,51.16716736982045
fzd1_human___810,53.04114264229069
nk2r_human___1871,29.44547580289368
mtlr_human___1136,-0.0
nmbr_human___3594,43.97569459026754
ghrhr_human___2270,1225.3989143433216
ackr2_human___1320,70.3243891909201
ox2r_human___1699,0.0005737747916209
galr2_human___3700,14.93524741513434
ackr4_human___1790,-0.0
calcr_human___687,66.64748802817472
lgr4_human___1157,1.4384090229515645
ssr2_human___1643,-0.0
fpr2_human___3542,2.087617383932754
nk2r_human___771,-0.0
c3ar_human___3700,11.156571412773973
ox2r_human___1479,7.924782674831596
vipr1_human___1504,44.497943989008
cml2_human___1681,-0.0
gp107_human___2019,81.03058415007517
v1br_human___1643,3.435901897737529
g37l1_human___1157,79.13261519580162
pkr1_human___3570,10.96833728571306
ccr7_human___1579,-0.0
oprx_human___1643,99.3251098852524
mshr_human___574,-0.0
ssr1_human___1157,9.509562527772752
c3ar_human___1470,-0.0
nmur1_human___1470,48.09046729559676
kissr_human___1283,4.718372081332635
hrh4_human___3645,82.63402431268862
nmur2_human___1047,60.5817755103826
pth2r_human___3542,49.526934491013705
nmur1_human___2089,39.72329868758592
rl3r1_human___3548,88.26436012207094
npy1r_human___1298,65.20167365191752
xcr1_human___5336,-0.0
calcr_human___798,-0.0
hrh4_human___1099,76.9523372437799
ccr10_human___810,10.842967349376234
npff2_human___3735,0.8821135110460099
acthr_human___3633,-0.0
cml2_human___681,40.63417406554533
grpr_human___3700,14.393517497112024
qrfpr_human___3570,42.74818354617084
lgr6_human___613,0.7354087541602651
trfr_human___1490,0.7284385961413772
sctr_human___817,82.25360905951331
npbw1_human___1623,29.680080987750102
fpr2_human___574,8.047969542806479
gpr75_human___6067,-0.0
ccr2_human___1047,-0.0
galr2_human___5654,-0.0
sctr_human___3570,34.338318809365205
bkrb1_human___1681,32.362454748774304
ccr1_human___754,20.40914916501524
fpr2_human___3935,23.77786316829063
cml1_human___3700,68.01588515086891
mtlr_human___2098,53.805619176755016
npbw1_human___1495,0.8077279939861004
nk2r_human___1514,-0.0
mc5r_human___574,-0.0
calrl_human___3643,59.04387472660407
c5ar1_human___5895,9.59121599193653
v2r_human___3640,-0.0
gpr37_human___612,86.03286958383435
npy4r_human___2090,25.02064926346559
npy4r_human___1136,16.959092026918647
trfr_human___1699,-0.0
mrgx1_human___1579,-0.0
vipr2_human___1790,70.69485072624695
mc4r_human___1997,-0.0
ccr2_human___776,-0.0
ednra_human___989,17.311906831036655
cxcr2_human___758,31.794751528447545
mc3r_human___1579,22.235519493089843
qrfpr_human___1140,-0.0
ackr2_human___754,11.401634443194135
gpr75_human___5895,22.43595844917968
npy2r_human___2156,30.385437588214145
crfr2_human___3594,59.36881838370276
cckar_human___573,0.1570799777688194
gpr39_human___1470,21.239697926895317
ssr1_human___1623,3.727562932644661
ssr1_human___1643,-0.0
v1ar_human___3645,-0.0
mchr1_human___1681,-0.0
calrl_human___1470,76.67653372822485
crfr1_human___1470,43.70740689992454
pkr2_human___613,56.91489988536631
vipr1_human___2156,47.21325721799786
ssr2_human___2019,83.75074406709126
lgr4_human___2098,-0.0
pkr2_human___5654,-0.0
oprk_human___1157,38.39783539668762
oprk_human___3700,2.0952307875399145
ur2r_human___613,19.78504307981957
acthr_human___574,6.427949411678384
ccr8_human___812,15.407744046141609
grpr_human___3592,17.78145955926939
v2r_human___3700,84.19474710322824
ssr2_human___687,2.205342066424347
ccr4_human___3542,57.45069267688112
ccr6_human___4358,25.571608575506115
ntr1_human___1458,-0.0
ccr4_human___821,18.28295072412312
pkr1_human___613,0.4597738856359712
bkrb1_human___2945,33.02405149740791
ccr3_human___1136,-0.0
npy5r_human___1997,0.7527594097042949
ssr2_human___2270,-0.0
ox1r_human___5654,-0.0
cckar_human___921,-0.0
cx3c1_human___808,-0.0
ur2r_human___1320,12.947267869967934
acthr_human___1333,7.426586978013708
cckar_human___1298,2.0782659443770344
ccr7_human___1136,-0.0
nmur2_human___771,7.658589345303938
fpr2_human___1140,21.78614831930884
gnrhr_human___1152,31.283615294129664
ox1r_human___612,11.565752534479945
rl3r1_human___808,-0.0
crfr2_human___1140,45.823867145344025
npsr1_human___1470,35.70561286986332
rl3r1_human___1004,1.6918986728759673
ssr5_human___1152,-0.0
npy2r_human___1871,71.66546232320925
ednra_human___921,-0.0
ox1r_human___1699,23.17135739999856
agtr1_human___8526,137.8600699788064
ccr8_human___808,-0.0
ccr4_human___754,77.15740477115834
mtlr_human___1579,44.41891780442911
cxcr4_human___798,26.46135535167604
fzd1_human___6067,55.00416553369389
oxyr_human___3646,1.6058095366159644
ccr5_human___3643,-0.0
bkrb1_human___3700,26.025666469143623
ccr7_human___758,15.24248640615573
ssr3_human___5654,-0.0
mrgx1_human___1504,1.8497576756652991
prlhr_human___3548,85.48175851561977
cxcr5_human___808,2.972882294746753
acthr_human___1157,9.201645784805905
apj_human___3548,92.12894359169084
npy4r_human___1283,11.73163241531372
npbw2_human___3700,33.85644385218636
npbw1_human___1152,1.3758749103319643
ccr5_human___798,20.88902501642449
cml2_human___1136,0.2323322227185745
ghsr_human___1458,25.06172764831048
fpr3_human___758,-0.0
nmbr_human___613,13.861333027746426
mrgx2_human___2945,18.94676549803379
apj_human___8526,20.05045434553261
gpr39_human___1699,10.289234251700162
c5ar2_human___5654,-0.0
ntr1_human___2270,3.8775643559910495
ccr8_human___3606,-0.0
gnrhr_human___3643,29.99329282504116
bkrb2_human___644,32.92426336955032
galr1_human___3592,12.982216098341734
mc3r_human___2090,18.95366447070711
agtr1_human___644,19.556132122225005
par4_human___2019,-0.0
xcr1_human___856,54.268629386456055
ssr4_human___11417,19.245046019006644
mtlr_human___687,-0.0
npff1_human___1790,-0.0
apj_human___1504,5.736746415240645
galr3_human___1136,1.5209328935400546
oxyr_human___3594,8.180940635109822
lgr4_human___1298,36.81366363566761
c3ar_human___1495,-0.0
ackr4_human___798,50.87390442907228
ssr4_human___2019,-0.0
cxcr2_human___5895,-0.0
oprm_human___2019,48.72702747104234
vipr2_human___3542,55.64660194121004
vipr2_human___2156,70.69519445008676
bkrb2_human___646,36.08035806853218
oprd_human___921,-0.0
glp2r_human___808,0.940705522958108
pth2r_human___1140,61.59243337024728
c3ar_human___3640,36.11257669655723
ackr4_human___758,33.162227519359895
vipr1_human___1790,54.9210976244514
cxcr6_human___808,-0.0
hrh4_human___1681,4.366775609975878
pth2r_human___1790,59.14748683632924
pkr2_human___1458,42.98678394972668
c5ar2_human___1099,18.403956070707878
acthr_human___3606,13.1420083953152
galr3_human___1162,8.366600137625511
bkrb1_human___1136,42.11567503580057
nk3r_human___5654,-0.0
mc4r_human___2090,22.237042282605803
prlhr_human___1871,27.38039218985569
g37l1_human___681,5.180291666332004e-07
npsr1_human___1157,22.340060341045984
ssr2_human___1997,1.697457494227887
fpr3_human___3542,-0.0
fpr3_human___574,11.499879658495368
par4_human___1997,-0.0
oprx_human___1623,39.41145513128442
fzd2_human___3735,41.167049881222766
ghsr_human___2270,30.012579282108188
gpr75_human___1504,37.40387976023666
ackr4_human___5654,-0.0
cxcr5_human___1458,23.439901626926456
agtr2_human___1152,-0.0
npy2r_human___1504,23.103682470670726
oprk_human___3542,-0.0
pth2r_human___3643,66.23639802402027
fpr1_human___4058,80.9643753092912
hrh4_human___644,4.681490010224541
cxcr6_human___821,15.2867678099785
crfr2_human___1790,81.97051181347967
cxcr3_human___819,34.938960686686926
oprx_human___1790,0.388091839646028
vipr1_human___1136,75.83463730500632
gpr75_human___758,8.433183914118882
cxcr2_human___1579,-0.0
ackr4_human___613,1.837383471805838
mchr1_human___3548,-0.0
oprm_human___1157,28.280631527846893
rl3r1_human___687,-0.0
cml1_human___5654,-0.0
ccr10_human___808,11.9082730492961
ghsr_human___1099,24.876029723821127
bkrb1_human___582,15.068372547661417
gp107_human___4058,34.33306608364966
mshr_human___1152,33.98400902282658
vipr2_human___808,63.87479046352856
oprk_human___1643,2.891317129316519
pkr2_human___1790,-0.0
npy5r_human___2168,0.2582871201902896
gp107_human___1320,1.4380017952711526
ackr3_human___989,0.2095470624789671
cxcr2_human___2945,55.60914052242444
ghrhr_human___644,55.29179279660692
npy1r_human___1504,11.285991954864352
gpr37_human___758,29.124074852823615
cml1_human___1157,7.568369824353594
fshr_human___2019,-0.0
mc4r_human___1140,-0.0
cml2_human___1643,24.832213633564805
ccr3_human___855,21.954474935652048
ackr3_human___2089,68.61135087093237
cml1_human___687,23.035989452791977
ednrb_human___3542,-0.0
cxcr4_human___2168,19.04797426212498
ccr1_human___1790,-0.0
ccr6_human___2257,-0.0
mc3r_human___681,10.015254551337115
mc3r_human___574,-0.0
cxcr1_human___808,4.529373066042984
ccr8_human___1514,-0.0
mtlr_human___1623,30.88443261086072
pkr1_human___1681,-0.0
ssr4_human___1620,-0.0
nmbr_human___1871,16.114420486092655
npff2_human___3594,74.96936001545858
g37l1_human___613,3.285342920476035
npsr1_human___2174,22.17894132880394
gpr75_human___4057,0.0858235378272961
lgr5_human___5654,0.5929652067212781
v2r_human___5654,3.9538836037351385e-06
ntr1_human___1099,-0.0
ssr4_human___3548,-0.0
npff1_human___1470,29.053479362823538
apj_human___612,31.155227222564925
ox2r_human___3700,-0.0
cml1_human___1681,-0.0
fshr_human___3700,28.42588274612649
prlhr_human___2090,47.49491497528962
ssr5_human___3700,30.55672264512826
ssr2_human___3570,52.87039623186336
oxyr_human___1157,419.92263029371554
ackr1_human___819,48.13620613154124
oprm_human___1681,-0.0
glp2r_human___1140,3.698774262076868
oprk_human___5654,-0.0
pkr2_human___921,-0.0
ssr3_human___1997,-0.0
pth2r_human___2257,44.21252135599824
cxcr6_human___681,61.22531990955087
rl3r1_human___5654,-0.0
xcr1_human___644,21.453121441186475
mchr2_human___681,8.014953416283625
mtlr_human___1458,29.38144360952933
nmur1_human___812,7.904718470469111
lgr5_human___1458,-0.0
ccr3_human___776,28.32916204562893
crfr2_human___3643,80.6200018103679
ackr2_human___646,16.078768728108393
cxcr1_human___3700,21.479444616738483
ccr5_human___819,18.382240104261665
ssr3_human___3700,3.0684043604165576
c5ar2_human___574,16.04977499275662
agtr2_human___3646,1.5666358415902863
mc5r_human___573,0.7616143437780138
ntr2_human___1579,0.2528892997534256
npy4r_human___5654,-0.0
c5ar2_human___1997,-0.0
c5ar1_human___5654,-0.0
mc4r_human___3606,12.278025470842367
calrl_human___3700,29.380291581228256
ccr6_human___808,14.109096809648207
v1br_human___798,22.11171970569271
mchr1_human___1157,46.67397066224475
g37l1_human___1136,-0.0
mc5r_human___1140,-0.0
ntr2_human___3548,91.46387060347448
ackr1_human___758,31.951653965398325
mc3r_human___3643,17.087222642851966
ur2r_human___2270,-0.0
ccr1_human___798,24.93597789908083
ssr3_human___681,-0.0
npy5r_human___1504,0.020728271383858
nmbr_human___11417,4.23086601285728
bkrb2_human___1495,-0.0
oxyr_human___2174,447.14388350778313
gasr_human___1699,-0.0
cxcr5_human___758,5.07874078588317
nmbr_human___3548,81.18428581468721
pkr1_human___687,-0.0
calrl_human___3645,82.42197481151511
ccr5_human___2098,47.32640044462585
v1br_human___3645,10.40723475305892
bkrb2_human___754,69.34010048023386
fpr2_human___1047,9.627835966876548
lgr5_human___1298,4.373017070981705
ackr2_human___856,38.48263460569024
pacr_human___1136,72.91187027105623
calcr_human___1162,52.30610267476173
npy1r_human___2098,28.73877082150565
mchr1_human___1623,52.2903979434284
g37l1_human___11417,0.6338214805597822
gpr75_human___613,22.882774000808563
npy2r_human___1458,38.79545378380412
ssr4_human___5654,-0.0
nk1r_human___5654,-0.0
ackr4_human___3570,4.136443634242988
ccr8_human___1152,0.4088470093971512
fpr1_human___3935,54.89457425791823
ox1r_human___1152,-0.0
ghrhr_human___1136,87.32237448931647
cml1_human___3592,30.453841539047005
oxyr_human___1490,17.566451067586296
ccr10_human___1790,-0.0
gnrhr_human___3594,36.38993869779205
cml2_human___3700,55.013674119064646
npy5r_human___1157,-0.0
agtr2_human___2019,46.09631290049835
calrl_human___3935,85.88045427181454
ackr1_human___3645,52.062018679688826
cxcr4_human___4358,24.440260050964984
ssr5_human___1997,-0.0
ccr5_human___776,17.207893684897098
oxyr_human___4358,11.297819611834615
oprm_human___1162,-0.0
gipr_human___1320,57.72636265442702
nmur1_human___1099,16.825452463335083
ssr1_human___3700,24.819120360668297
nk2r_human___3548,93.30525777038793
ccr3_human___2270,6.943336084889706
npy1r_human___771,7.125669478035775
hrh4_human___3633,-0.0
lgr4_human___2019,1.6073132662388498
vipr1_human___1152,68.31160207501019
ntr2_human___1458,4.452401996375502
gpr39_human___864,1.6611863223883236
oprk_human___1623,47.299731920824776
ccr10_human___1643,0.1020321899662584
ghrhr_human___1152,93.68336621909631
ccr9_human___855,20.332630170452376
ackr1_human___989,-0.0
ednrb_human___687,-0.0
pkr2_human___1681,-0.0
fshr_human___3633,-0.0
ackr3_human___921,-0.0
fzd1_human___1320,1.711974236186984
mtlr_human___681,29.926891531717075
nmur2_human___1298,55.67753988888282
npbw1_human___3633,6.2388839503212425
apj_human___1790,41.501356293601766
ssr4_human___1157,1.712894095392906
par4_human___3570,31.054389239232037
lgr5_human___1997,8.293526854183359
ssr3_human___6067,-0.0
ackr1_human___856,85.62723125056601
mrgx1_human___5336,-0.0
cxcr2_human___1099,19.36620854757093
npy1r_human___1871,1.1775414830527555
par4_human___2270,255.32494112782217
ccr10_human___3646,26.053852741533568
c5ar2_human___3935,26.501099808768743
gp107_human___758,-0.0
ackr1_human___1579,80.80056027185223
gpr39_human___810,-0.0
ox2r_human___1140,-0.0
fpr2_human___4058,44.30522055278902
ccr9_human___2168,-0.0
ssr2_human___921,-0.0
cxcr1_human___821,75.3455025291386
ntr1_human___3570,2.085284973068706
cxcr5_human___1136,-0.0
cxcr2_human___687,22.157967920296898
gnrhr_human___3935,41.65256495058004
ccr10_human___687,0.0648859858339948
qrfpr_human___1681,48.88858460690214
par4_human___1458,-0.0
mshr_human___573,0.9081744064107938
fzd1_human___612,14.271247568793385
npbw1_human___1790,5.463315573322155
kissr_human___3700,6.997280897657454
mc5r_human___1871,33.69201152101257
cxcr1_human___1790,-0.0
c3ar_human___1643,-0.0
cx3c1_human___5654,0.7471002631734053
pkr1_human___1470,36.75556519500612
glp2r_human___2257,1.0351581696407948
ednra_human___613,22.913389097103355
ssr2_human___3700,1.224206918228328
crfr2_human___2168,64.81649562364743
c5ar1_human___574,-0.0
ednra_human___1157,12.051226398979876
galr1_human___3700,5.950766684350092
gipr_human___798,71.61755751391051
oprm_human___3548,57.89102437188428
npy4r_human___687,0.5671911545912198
fzd6_human___3735,75.5999181203101
ccr3_human___1790,81.78444901157252
ntr1_human___1470,2.8098171885365364
calrl_human___1152,-0.0
vipr2_human___1283,71.04966321931539
ccr3_human___3647,-0.0
c5ar1_human___1495,75.26450122989917
ssr4_human___3640,3.4858424167532647
ccr9_human___856,69.5807383981631
fzd6_human___3542,11.265231934193135
npy5r_human___3570,-0.0
calcr_human___3935,66.6676597150156
ccr4_human___798,31.354837566944155
v1ar_human___819,3.339917911755842
fpr2_human___3570,10.74156784356286
ccr1_human___771,21.874755792931
grpr_human___11417,8.367134007622624
cxcr3_human___821,31.813417259870253
ccr3_human___4358,12.790053868294804
cxcr3_human___3646,25.741841035401336
ssr3_human___582,-0.0
glp1r_human___1136,96.18820092643853
v2r_human___855,15.180098770838532
lgr6_human___1333,43.94402158033427
ghrhr_human___3643,82.49330402849174
fzd2_human___1490,-0.0
v2r_human___771,12.543625381402364
npbw2_human___2945,57.95336772407561
kissr_human___1790,-0.0
ghrhr_human___1272,1.4201403593392008
bkrb1_human___644,32.66355722000034
ssr3_human___758,31.09646940024228
acthr_human___1272,12.611647675076648
hrh4_human___3700,7.139802569490052
cxcr1_human___758,27.807941079306183
ackr2_human___808,5.953523095574461
ccr1_human___646,74.41550763725431
grpr_human___687,-0.0
cxcr2_human___819,7.434162788784639
fpr2_human___613,-0.0
c5ar2_human___921,22.59834283255116
calrl_human___3548,78.07036685546026
ghsr_human___754,21.26708083777651
lgr5_human___921,39.22045709266312
pacr_human___1140,66.8617767600899
mchr2_human___1298,40.94365751972756
nmbr_human___3542,1.8440119032071365
ackr1_human___3647,16.22711143803918
mshr_human___1997,-0.0
agtr2_human___582,13.04607552410527
ednrb_human___574,-0.0
fzd2_human___758,80.55208654771626
oxyr_human___681,-0.0
nmur1_human___5895,15.31438879272172
xcr1_human___3542,18.13219334622509
lgr4_human___776,88.49242314834856
ackr4_human___1099,-0.0
c5ar1_human___646,30.362465739630142
crfr1_human___1514,66.00511860943531
kissr_human___644,3.767231749702612
hrh4_human___1140,1.4535898450892288
ccr6_human___855,41.49877787454456
lgr5_human___1140,77.33900389393665
vipr2_human___1047,54.48057834118404
pkr1_human___989,2.8308918724908008
ccr6_human___758,29.53924788248521
crfr1_human___3700,16.190037832237167
v2r_human___3594,35.47927231339341
fpr3_human___1162,19.838306152785968
c5ar1_human___3592,21.032809107181883
fzd2_human___681,5.003545574313289
nk3r_human___1871,-0.0
g37l1_human___1140,0.362780317133454
g37l1_human___6067,102.42837679468684
c5ar2_human___1047,27.48117383534342
ccr5_human___1699,-0.0
npff1_human___1136,19.12257039169136
ur2r_human___1152,0.055828456574916
oprx_human___921,14.024893109742385
npff1_human___1699,-0.0
ackr3_human___5336,36.07807449163611
ccr6_human___5654,10.272765570395414
mshr_human___1579,154.6241812747492
npff1_human___2945,32.63681434765303
fzd2_human___856,-0.0
cckar_human___613,0.8027543690807657
fpr3_human___3700,0.0015758335039864
cckar_human___3548,73.5239248560974
c5ar1_human___3700,31.105495231781173
ccr6_human___856,55.26246262537398
ox2r_human___612,-0.0
npsr1_human___2945,13.902499608363236
ntr2_human___1470,75.62166883369468
galr3_human___1157,3.4180892438088857
sctr_human___3606,19.91866654707342
mc4r_human___5654,6.550035178441503
galr2_human___612,89.75205457854139
gasr_human___819,-0.0
ccr5_human___3645,19.525363219100743
npy1r_human___2090,26.051544673412952
c3ar_human___798,7.2351627989677
nk3r_human___1099,61.8219698835395
mrgx1_human___1272,0.0663918902431405
mc4r_human___1643,23.44348535236595
prlhr_human___2089,22.417649625838028
galr1_human___2945,7.755935284666225
fpr1_human___3570,10.779558006657217
pth1r_human___2257,-0.0
ccr9_human___817,14.159103179353302
glr_human___758,48.403385559633065
oprd_human___3646,-0.0
cxcr5_human___3570,18.858841946068605
ghrhr_human___2257,73.40964921683306
gipr_human___1298,55.93373858281308
v2r_human___2168,11.613259245426804
vipr1_human___921,81.12412850634301
nk3r_human___1790,3.706973269836893
v1ar_human___5654,134.23824152892718
ccr3_human___798,29.997826993906035
oprx_human___644,18.48009647533142
ccr7_human___1490,-0.0
ccr1_human___776,15.911014087875303
oprx_human___4358,53.7696732584801
v2r_human___11417,21.485457465701867
grpr_human___3548,70.82960473983955
npff2_human___3542,1.3543489475757249
fzd6_human___921,3.3568716734046045
glp1r_human___1152,77.05455385397704
crfr2_human___1272,78.96864882261605
par4_human___1298,-0.0
ackr3_human___2257,-0.0
npff1_human___1479,-0.0
ur2r_human___2156,20.933453891549547
ccr4_human___758,24.2853990262755
mchr2_human___585,16.68471256948653
v1br_human___819,5.19866113878693
agtr2_human___644,38.13024340202506
lgr4_human___5654,4.469866109604941
ox1r_human___758,-0.0
npsr1_human___1490,20.308330932047635
ssr4_human___1643,-0.0
npy2r_human___1479,39.52478713003324
v1br_human___1579,1.8824049195725745
mc4r_human___687,8.898131939274037
ccr5_human___1136,-0.0
ccr7_human___810,11.82068636826775
ntr2_human___3643,0.1370134934713864
pkr1_human___1004,-0.0
nmur2_human___1470,55.20917348737286
fpr2_human___2945,27.271446062923268
oprd_human___1681,-0.0
bkrb1_human___2270,54.51094549260403
glp1r_human___1333,79.40867235367138
cxcr3_human___2098,8.155619103291711
npff1_human___3935,36.52908700642319
glp2r_human___3646,-0.0
agtr1_human___1298,7.675952330090626
cxcr5_human___821,1.8099738854309504
cxcr4_human___646,19.81599425340659
cml2_human___644,37.10918538916564
ccr1_human___2098,-0.0
ccr3_human___2019,15.00972526902886
ccr4_human___681,0.0002964853824063
npy1r_human___921,216.00087347945475
c3ar_human___2019,-0.0
npy2r_human___861,10.088392583041696
oxyr_human___2168,9.320074875208704
calrl_human___4057,91.39263812262035
pth1r_human___3542,63.44547974942836
pacr_human___2270,67.29429382597226
oxyr_human___5654,90.5085056291517
agtr1_human___758,9.637051557020271
gpr39_human___1579,5.700755312403076
glr_human___3643,70.77210628411767
npbw1_human___2019,45.40894851671792
oprd_human___3700,16.504097843033353
ccr5_human___758,17.28502764501019
npy5r_human___5895,0.2454911234384396
calcr_human___1140,62.27164265743658
lgr5_human___3606,0.0197440631479932
cckar_human___5336,22.48037929239791
vipr1_human___3542,78.49958139185927
gipr_human___3594,74.86342632884492
pth1r_human___3594,73.32854519484438
agtr1_human___582,5.206313085755586
mchr1_human___1620,60.80076559627242
cml2_human___3592,67.91222821633932
ssr1_human___3548,82.8148213310761
sctr_human___1152,70.32813853276879
oprk_human___2019,-0.0
gasr_human___1871,-0.0
npy5r_human___3643,-0.0
mtlr_human___8526,41.11149048543536
cx3c1_human___921,0.0002468985996439
galr2_human___921,-0.0
calcr_human___3643,64.61821842045872
ox2r_human___613,-0.0
mshr_human___1320,5.663190271031246
galr3_human___3594,9.478439728107356
v1ar_human___812,-0.0
ox2r_human___3643,2.2418360065538194
pth2r_human___5895,-0.0
ednrb_human___1152,5.204801805443278
glp2r_human___3542,-0.0
ssr4_human___3700,60.0912909053011
fzd6_human___681,19.15061048267425
ntr2_human___1140,-0.0
npbw2_human___6067,0.076454582828548
mc3r_human___1643,16.029429983334463
fpr3_human___613,-0.0
pth1r_human___1152,-0.0
npff2_human___3592,85.00078333958314
cxcr6_human___855,33.59343257801899
qrfpr_human___3542,-0.0
g37l1_human___4058,46.84924317152709
apj_human___1152,16.420546873648373
glp1r_human___4358,57.628135402340696
mchr1_human___2019,-0.0
ssr1_human___11417,11.813600972598678
ox1r_human___1157,12.279306596097529
galr2_human___613,33.72031594545034
ccr10_human___3640,7.008355770861751
fzd1_human___1490,-0.0
ccr9_human___808,-0.0
vipr2_human___921,57.59830100326504
cxcr4_human___921,-0.0
apj_human___3542,26.15208057309491
npbw1_human___646,18.02270044545812
nk2r_human___1504,8.723779500059207
nmur1_human___1458,48.918672292395385
ccr10_human___3700,0.6768806363810113
nk1r_human___798,67.31198683726673
mc5r_human___758,1.24259000541782
ur2r_human___2257,0.5448261059419138
oxyr_human___11417,7.605571556072951
ccr2_human___754,28.40970096543445
gpr37_human___3700,3.444370781434537
fpr3_human___1479,18.53343724912813
nk2r_human___612,-0.0
npsr1_human___810,2.312559663686609
oprk_human___1681,-0.0
ssr5_human___3548,82.25536087722949
calcr_human___3700,20.655669155567782
ccr6_human___1152,16.982650621943538
pth2r_human___1162,55.25456475957024
vipr1_human___1871,48.87174963505061
ackr1_human___1470,54.38732223216131
cml1_human___574,17.936256567878143
cxcr4_human___758,853.2366723873032
ox1r_human___1871,0.0406907055202494
xcr1_human___3647,5.7258937127510015
prlhr_human___687,-0.0
cml2_human___646,35.19073047078554
mrgx2_human___2019,1.0080335567531828
pth1r_human___855,79.87385878225895
cxcr6_human___2156,15.09399419852471
ghsr_human___2090,13.997461389363991
fshr_human___612,11.650717961726516
npff2_human___11417,-0.0
gpr75_human___2090,40.884705528159245
fzd1_human___644,7.917074804848354
fzd6_human___3594,-0.0
crfr1_human___2257,77.40023308224653
ackr1_human___1458,37.25951088840508
rl3r1_human___2019,0.7645004849096012
pacr_human___2257,85.42442473691177
galr3_human___3643,-0.0
ntr1_human___5336,11.256807919195008
g37l1_human___3594,35.339991849327006
fpr1_human___1157,15.599911935712033
fpr3_human___3935,-0.0
fzd2_human___921,-0.0
v1br_human___758,-0.0
vipr2_human___1152,70.00514874037603
gpr37_human___613,-0.0
mchr1_human___1643,62.26943571299494
ccr9_human___798,44.21889640982667
calcr_human___2257,73.86674280324142
nk2r_human___3542,-0.0
bkrb2_human___1136,-0.0
cxcr6_human___1320,-0.0
apj_human___585,396.400218239618
xcr1_human___1790,81.4569332136029
par4_human___574,35.14909332826595
ednra_human___3542,26.750427892911453
ackr3_human___1004,-0.0
mc5r_human___1643,21.38959188059662
cxcr3_human___3645,37.60939448980257
ednrb_human___1997,-0.0
npbw2_human___1579,52.95013509349346
gp107_human___1157,-0.0
ednra_human___687,-0.0
ccr2_human___771,21.71385681457544
cxcr6_human___810,-0.0
cxcr1_human___798,69.8956616014824
lgr6_human___1157,8.820892023279727
galr3_human___613,1.32486279167319
cxcr3_human___1790,7.537623518498526
rl3r1_human___1997,-0.0
cxcr3_human___2257,-0.0
gasr_human___1283,-0.0
cxcr1_human___3542,-0.0
npff1_human___5654,-0.0
ur2r_human___1623,16.56843794831151
lgr6_human___582,3.909729346603504
cxcr1_human___1504,13.549544480025563
nk1r_human___1504,-0.0
ntr1_human___1152,-0.0
gp107_human___1162,101.98759449003188
ednra_human___1997,47.683563341663714
fzd6_human___646,-0.0
cml1_human___681,12.18128002586013
nmur2_human___1790,4.976226141853985
mchr2_human___1470,62.23980606693953
cx3c1_human___817,73.85541552600343
ackr2_human___821,18.14969551480005
gpr37_human___1495,-0.0
ednra_human___1623,3.812658763305236
gp107_human___856,38.50622395849259
mchr2_human___3700,8.30011723050492
npy1r_human___2089,34.45590494264336
qrfpr_human___5895,27.78478268825512
npff2_human___1699,-0.0
oprx_human___2945,0.0115128849176771
npy4r_human___771,13.85728977519724
g37l1_human___1681,16.07571682760545
pth2r_human___1152,58.558306945506445
ntr2_human___2156,0.1165318957001904
grpr_human___612,16.519673282916322
ccr7_human___856,71.25410009695389
fzd2_human___1643,-0.0
npsr1_human___1871,7.151275183266474
qrfpr_human___758,0.9603937928317036
galr3_human___921,-0.0
ox1r_human___1479,15.962551350278572
glp2r_human___1152,-0.0
mc4r_human___1504,9.907845296102264
nk1r_human___687,0.0004647508526489
ssr5_human___808,29.556769563858776
ednrb_human___1136,7.942760191904975
ackr2_human___921,-0.0
ednrb_human___1004,35.05810601199993
ur2r_human___1620,0.515972812617614
ccr7_human___1504,148.59608496924193
c3ar_human___2168,2.18589787736056
ox1r_human___613,2.0819768435974047e-05
npff1_human___1152,28.287891631662436
gp107_human___5654,0.8822071175663427
nk2r_human___5336,-0.0
mchr1_human___3542,-0.0
ox2r_human___1871,-0.0
cx3c1_human___2257,-0.0
vipr2_human___1136,50.17593358601181
agtr1_human___921,4.942466537188985
oprd_human___758,8.066400943362957
fzd1_human___921,55.159350811403286
gipr_human___1136,78.75727999860793
ackr3_human___2019,11.14957869788196
mc4r_human___6067,-0.0
npy4r_human___1514,17.788207302121812
ccr4_human___3640,-0.0
qrfpr_human___821,61.12033458369648
galr3_human___644,-0.0
trfr_human___2174,0.5615913882892771
fpr3_human___681,0.8691336838539305
mchr2_human___1320,21.928949008035268
crfr2_human___1867,66.07874929171147
vipr1_human___808,26.88270645431808
trfr_human___921,133.18467602119847
ntr1_human___1047,17.375986492484483
nmur1_human___1140,-0.0
ccr5_human___5654,-0.0
gipr_human___1790,69.27460929971836
nmbr_human___1152,8.071095651472351
nmbr_human___3700,4.000614204162838
ssr1_human___2019,-0.0
cckar_human___1871,-0.0
fzd6_human___3548,82.77562872990039
cxcr5_human___2257,-0.0
mrgx2_human___1157,208.70502289403183
mc5r_human___798,-0.0
ccr6_human___817,58.815660298969455
nmbr_human___1047,-0.0
cx3c1_human___856,78.90757822759046
gpr39_human___856,19.639156185825595
ednra_human___5654,-0.0
ccr10_human___1514,-0.0
npbw2_human___3548,88.11794576480567
acthr_human___4358,16.943736101055975
crfr2_human___1333,67.09090954723615
bkrb2_human___5654,-0.0
glr_human___1272,56.1774647457841
cxcr1_human___819,25.079868970988933
g37l1_human___5895,44.7429304548941
galr3_human___612,67.22245132169073
npy2r_human___2270,24.157168444255383
mc4r_human___812,19.68913891697071
v2r_human___1579,9.019934625305597
ccr9_human___810,0.0431248964695165
lgr4_human___3700,24.29239125234835
mc3r_human___1333,17.052298600497963
qrfpr_human___1790,-0.0
pkr1_human___3548,81.39135309983956
oprx_human___1620,-0.0
fshr_human___1157,-0.0
ccr8_human___861,19.26589546900545
gpr39_human___2089,10.177287948109246
mrgx1_human___4057,-0.0
v1ar_human___585,5.490161138653525
npbw2_human___646,20.482648177568645
lgr6_human___1997,-0.0
galr2_human___1479,8.14290437764696
ntr2_human___6067,2.0475900821578232
glr_human___2257,-0.0
glp1r_human___3542,-0.0
lgr6_human___2270,87.94752793949131
ackr3_human___1579,48.06475539056587
crfr1_human___1790,-0.0
gasr_human___776,-0.0
pacr_human___1790,82.99006107226823
qrfpr_human___613,81.58516745399362
glr_human___754,48.28437941231049
lgr6_human___3700,24.429127977840693
fpr1_human___2019,45.21133455134109
pkr2_human___1867,0.6145369093611016
glr_human___6067,36.94292431637122
crfr2_human___921,-0.0
ghsr_human___3700,4.060695737052777
npy5r_human___758,0.0804989950988104
npff2_human___1157,90.76030701359366
sctr_human___1140,68.64678564143924
ccr3_human___3542,-0.0
trfr_human___1152,-0.0
nmur2_human___817,7.747030328132354
npy4r_human___1140,-0.0
ghsr_human___1272,88.14027367458289
oprx_human___5654,-0.0
ccr9_human___3542,-0.0
fpr1_human___612,0.7944413785824715
ccr9_human___3548,84.29088606411982
ntr2_human___5336,5.057349240971238
npbw2_human___5654,5.789488438347043
mrgx2_human___1099,3.7745043326110737
c3ar_human___2090,-0.0
ox2r_human___921,-0.0
nk3r_human___1514,-0.0
lgr6_human___5654,4.626612818945927
pkr2_human___989,7.58902841449429
pth2r_human___1099,55.07209235734225
ednra_human___1620,35.49412001934722
gpr37_human___1140,56.74976173570517
npff2_human___3700,86.10314973869026
glp1r_human___1157,76.42257683596087
grpr_human___2257,0.158356602839804
ssr2_human___1620,-0.0
v1br_human___3548,91.91391364301472
vipr1_human___1140,57.80327320722374
cxcr6_human___2270,10.36233853410113
gp107_human___3700,-0.0
pacr_human___821,52.38606084299683
fzd2_human___3548,62.40249238054929
agtr1_human___646,26.192877381133066
gnrhr_human___11417,21.05549748668741
nk2r_human___2257,-0.0
pacr_human___3643,-0.0
ackr1_human___573,-0.0
ghsr_human___1579,75.7968039304944
galr2_human___3548,84.61611451821106
npy2r_human___1157,42.738012680798505
oprd_human___1623,8.739155110199286
fpr1_human___771,33.37092004831474
ssr5_human___646,4.092811710353171
pth1r_human___1283,79.91244852703855
glp2r_human___3645,22.968571402576327
gpr39_human___1047,11.169058183151428
cml2_human___1157,13.54948665090427
pth1r_human___1871,84.31315142758213
cxcr5_human___819,65.70933201380637
mchr2_human___1152,18.595332803649
mchr2_human___2019,25.69928647319216
ssr3_human___646,-0.0
gasr_human___821,-0.0
mshr_human___2019,64.63907143718815
crfr1_human___921,-0.0
gnrhr_human___2257,19.47763628164164
prlhr_human___1514,0.1862601736519751
cxcr1_human___3643,-0.0
nk3r_human___3640,89.0959977857448
trfr_human___3935,2.7202622656678512
ccr5_human___754,78.28658246855433
mc4r_human___2089,33.528867757541015
gnrhr_human___1623,40.43034757219402
v1ar_human___3646,-0.0
v1ar_human___821,0.239978475309088
crfr1_human___687,50.104124412936336
lgr6_human___4057,21.852699038561276
c5ar1_human___921,-0.0
oprm_human___3700,0.7555300151931793
crfr2_human___1152,85.85514672572204
c5ar2_human___2257,28.53794135812771
npbw1_human___644,37.68823664511462
gpr75_human___2089,71.63829016594622
v2r_human___3592,6.002543115320557
ssr2_human___1623,19.883926638863723
gnrhr_human___687,80.91763469078987
crfr1_human___2174,48.16479488589512
nmbr_human___921,-0.0
acthr_human___3542,-0.0
ccr1_human___861,8.655058472840574
fshr_human___4358,-0.0
calcr_human___1099,4.262910497758663
npy2r_human___1283,28.128891436075303
ccr4_human___1152,-0.0
ccr1_human___644,14.499552985312311
ccr8_human___821,47.33912778718248
oprx_human___1681,-0.0
galr1_human___11417,5.436387113157087
cml2_human___687,-0.0
npbw1_human___3700,10.746529067265335
sctr_human___2257,68.37921513270193
npy1r_human___3700,0.5429369377133654
acthr_human___1790,27.16936743724222
fpr3_human___3570,75.10414476819071
sctr_human___3643,70.59576492403187
cxcr1_human___3645,0.9250354233248456
oprm_human___1643,28.62591437858746
glr_human___1140,81.40756746498246
ednrb_human___1620,14.165027184362678
npbw1_human___3594,0.0156381726770138
gpr75_human___3548,66.1560130760329
fzd1_human___989,-0.0
mrgx2_human___687,0.2561311315183107
xcr1_human___687,-0.0
v1ar_human___2019,9.552069781798712
prlhr_human___1504,35.25519973727922
lgr5_human___1157,19.5170242406101
ghrhr_human___758,19.397585108224952
npy1r_human___812,8.763972613675058
glp1r_human___2945,77.74055498384868
mchr1_human___3570,52.049794181604994
nmur2_human___2019,19.44702632128439
v1br_human___1157,3.78833580357473
mrgx1_human___4058,0.1657013371572519
ccr9_human___2257,-0.0
mrgx1_human___1623,1.2332190201506998
crfr1_human___3647,65.66664905794649
calrl_human___776,12.52844826779419
pth1r_human___3643,-0.0
npy5r_human___1681,0.3349002401332991
npy5r_human___1871,0.4115933820573538
galr1_human___1157,4.461619987020131
galr1_human___1479,9.609079925970471
ednra_human___1867,2.6328506045424733
mrgx1_human___6067,-0.0
ccr10_human___758,26.08855969916705
ssr1_human___921,6.348621565675745
glp1r_human___2257,87.02348028559493
pth2r_human___1867,83.01695569675171
gpr39_human___1152,0.7916052980716478
cml2_human___2945,21.724289840146337
cxcr5_human___3645,46.38541219706658
oprd_human___644,12.00906849264332
trfr_human___1470,-0.0
ccr6_human___681,-0.0
mrgx2_human___4057,-0.0
ccr1_human___1579,-0.0
bkrb2_human___2945,42.66273553305014
cckar_human___1283,6.967471015915719
fshr_human___1495,-0.0
par4_human___687,-0.0
ackr3_human___810,91.16419357136822
cxcr6_human___1152,-0.0
kissr_human___1136,-0.0
glr_human___1162,62.96372109036204
prlhr_human___613,12.19585807921266
cxcr3_human___758,28.628169511878767
kissr_human___921,14.348324370748353
agtr2_human___646,39.61748548337791
cxcr5_human___771,0.7288582663541544
mc3r_human___6067,-0.0
galr3_human___1623,8.549384308183273
kissr_human___812,7.869968146167709
ccr2_human___3645,-0.0
ednrb_human___1867,1.4716658430307257
sctr_human___1790,49.24534662781584
mchr2_human___11417,12.389439285474117
ccr1_human___2089,56.29580212737876
galr2_human___1162,-0.0
glp1r_human___3643,-0.0
pth1r_human___1140,71.14177062603785
ccr8_human___798,39.60417159921494
rl3r1_human___2945,64.03299201237522
gasr_human___613,6.065820605269709
mrgx2_human___1867,-0.0
pkr2_human___1152,4.083371662596735
v1ar_human___758,84.62746128815725
ghrhr_human___1867,0.0041604431631518
c5ar1_human___1136,-0.0
mc5r_human___1320,9.010236436034658
oprd_human___5654,-0.0
npbw2_human___1495,0.7469795264082328
fzd6_human___3646,-0.0
cxcr2_human___771,94.80483608920052
pacr_human___3594,56.88949556280839
fzd6_human___644,-0.0
pth1r_human___1790,64.9731741741642
ur2r_human___1495,361.3354072851752
npff1_human___3592,33.503287928432115
cckar_human___687,7.119315165079104
rl3r1_human___3643,-0.0
npff2_human___2945,62.85485764007398
npy4r_human___1871,16.2793517037086
grpr_human___1479,20.761944471837356
nk3r_human___1298,-0.0
qrfpr_human___808,-0.0
fzd2_human___817,81.70664910078654
glp1r_human___1272,57.08987940154107
fshr_human___3643,-0.0
gpr37_human___4058,9.8652581462247
lgr5_human___2019,6.76926451167426
ccr2_human___3570,5.402877841738038
glp2r_human___1136,-0.0
grpr_human___3594,29.575002820996392
gasr_human___1504,0.0486600011290854
prlhr_human___2257,-0.0
ur2r_human___1681,0.0392397983704273
agtr1_human___1790,10.944876972381865
nmur1_human___4057,-0.0
nk1r_human___821,0.2244782711931778
gpr37_human___6067,-0.0
v1ar_human___2168,7.496685854252198
fzd1_human___3548,88.23469322422791
nmbr_human___3935,26.314335318312253
ssr4_human___1623,8.361658604233567
npy1r_human___644,27.55064150978857
nk2r_human___5895,-0.0
ssr2_human___1140,-0.0
par4_human___1579,-0.0
oprm_human___2945,69.6822258685574
mtlr_human___754,44.10870445783499
ox1r_human___3735,82.85214237402948
pth1r_human___3645,84.55233043745578
mchr2_human___3594,22.866750544705344
cxcr2_human___3645,41.451172678057496
sctr_human___1136,76.31421401996057
vipr1_human___3640,34.758436235306334
sctr_human___3700,20.71882308525412
mrgx1_human___3735,15.438205244510428
ccr7_human___817,-0.0
nmur2_human___3570,51.09361391717827
mc3r_human___1997,11.04143224965796
cx3c1_human___644,21.640669619561923
mc3r_human___2089,23.72223992911721
gp107_human___1495,-0.0
ssr1_human___1620,-0.0
ssr3_human___921,10.015303608401506
ghrhr_human___613,76.68908589590866
npsr1_human___3700,62.04274603026106
ccr10_human___855,24.10704216729028
ackr2_human___2174,11.613268315537551
gasr_human___5654,-0.0
glp2r_human___3643,-0.0
ghsr_human___758,-0.0
ccr2_human___2168,4.784353535693415
fpr2_human___3548,81.41388731910106
calcr_human___1152,62.36467271004453
bkrb2_human___3700,62.6555854116211
c3ar_human___758,3.899577530463376
prlhr_human___3700,23.186031554505057
xcr1_human___646,25.44679686143287
galr2_human___11417,-0.0
ackr2_human___681,-0.0
fshr_human___2270,5.779914444896942
ackr3_human___4358,29.624397053974523
glp1r_human___1140,89.22326118601428
ghsr_human___1470,29.563694002029997
ssr4_human___921,50.51342171997086
gnrhr_human___1162,21.298493828794605
fshr_human___1997,-0.0
glr_human___1152,65.15365993045523
gipr_human___3542,63.10592249201129
ccr9_human___758,-0.0
npbw1_human___1136,-0.0
v1br_human___2019,8.795781714447735
gipr_human___3643,65.42540123856983
nk1r_human___771,-0.0
gpr39_human___5336,7.915602601575292
cxcr5_human___3700,33.86189913942449
apj_human___613,16.154604230501178
bkrb1_human___1283,16.3676888992537
gp107_human___798,89.76473306321928
oprd_human___3594,-0.0
oprk_human___1620,-0.0
trfr_human___613,3.053099703767352
mc5r_human___2257,25.32928286852177
ssr5_human___1157,14.655384302957197
nk3r_human___687,-0.0
galr1_human___3548,81.00742599036505
bkrb1_human___3594,32.91024517447544
vipr2_human___1140,61.75925354545375
agtr1_human___3643,0.193870997375114
cxcr6_human___798,20.57537983180383
npy4r_human___2089,18.14161763897054
ox1r_human___4058,39.451151269691536
hrh4_human___1272,51.916859959782926
prlhr_human___1136,-0.0
v2r_human___1490,-0.0
ccr8_human___754,14.048569754206785
lgr5_human___3700,56.57608916903701
cckar_human___798,4.9639467407289
kissr_human___11417,2.6081855008718646
cml1_human___1479,22.798352627039502
ssr5_human___1298,-0.0
ssr5_human___11417,4.240166642184995
mchr1_human___1298,-0.0
agtr2_human___3548,88.52630328222517
gpr75_human___1152,20.32133717347409
par4_human___681,25.55306199217263
galr3_human___1790,-0.0
npy4r_human___2098,26.895128556258737
agtr1_human___5654,-0.0
pkr2_human___1871,2.254299033160484
agtr2_human___1620,40.01546292802772
fzd1_human___2945,82.00604171524402
fpr1_human___1152,-0.0
ackr3_human___1157,23.89711532054347
oprk_human___921,3.5605839696197368
mrgx2_human___4058,1.0871300739530343
ccr4_human___771,24.314472827035555
nk3r_human___2270,-0.0
cxcr4_human___1099,21.620688695855588
ccr8_human___3570,5.223269237107234
ackr4_human___855,89.63218136929117
mtlr_human___5654,-0.0
nmur1_human___754,41.604249986207854
npbw2_human___573,24.710847775827272
mrgx2_human___5654,-0.0
c5ar1_human___1579,32.576067506790984
agtr2_human___3700,26.47162425353422
ssr5_human___5654,-0.0
ntr2_human___1997,15.00845876346106
mchr2_human___1162,8.777612805906095
ccr4_human___1579,-0.0
gnrhr_human___2019,47.80261254848513
nk1r_human___2098,-0.0
fzd1_human___681,-0.0
ccr7_human___2156,-0.0
fzd6_human___758,20.51159674954036
ackr2_human___1157,11.216538200720608
c3ar_human___5654,65.14719295559165
agtr1_human___585,10.146828482623368
ackr4_human___3643,-0.0
xcr1_human___2270,-0.0
lgr6_human___4358,56.37449600570661
calrl_human___681,0.1183799439172564
mrgx2_human___3640,0.2101884992656344
pkr2_human___1004,8.448010948227063
ccr3_human___3700,57.87464207825818
ackr1_human___798,66.09692519533094
nmur1_human___1867,4.950077436677811
fpr3_human___1152,30.995293867431645
fpr2_human___687,33.50733584975647
nk2r_human___2089,-0.0
cxcr2_human___921,-0.0
mc5r_human___5895,10.002782127639986
hrh4_human___758,9.63322907330617
ccr6_human___687,-0.0
c5ar2_human___1162,36.45152614090362
glr_human___1136,-0.0
rl3r1_human___681,15.332100331289784
glr_human___3542,66.19802299881103
cxcr4_human___644,39.09856387763635
gasr_human___2270,-0.0
ednrb_human___758,-0.0
ssr3_human___1298,-0.0
grpr_human___2019,95.27917148083176
cml1_human___1047,-0.0
ccr2_human___921,182.4729784708153
glp2r_human___2019,31.479319799813684
v1ar_human___681,22.39744562340669
mc5r_human___2270,53.86737868695032
crfr1_human___1152,69.57405765831919
fzd6_human___808,13.117559954343406
calcr_human___921,68.4086504988637
pkr1_human___1157,23.106136788286275
mshr_human___1643,51.35430469417237
pkr1_human___1867,0.894586347792951
cx3c1_human___798,30.21818470840945
oxyr_human___3592,5.257055279437989
lgr5_human___3548,86.65061861643385
npsr1_human___1681,31.696862655539597
npbw2_human___644,33.1260634965505
mshr_human___1136,-0.0
ackr2_human___758,18.64841781752229
gasr_human___861,0.0311218910985473
