avg_plddt,interface_plddt,dG_cross,dSASA_int,hbonds_int,nres_int,sc_value,identifier
67.20050458715595,45.94187500000001,212.354,401.184,0.0,18.0,0.571,cckar_human___864
71.76930481283426,47.21090909090908,128.42,341.341,0.0,14.0,0.279,ghsr_human___2156
66.33347345132742,46.50874999999999,-1.155,205.299,0.0,11.0,0.717,ednrb_human___613
70.01742532005692,62.0985185185185,1.877,226.425,0.0,18.0,0.755,pacr_human___3570
70.97878712871287,45.49366666666666,91.397,470.354,1.0,20.0,0.573,ssr1_human___5654
67.04981735159822,55.43625,292.281,134.682,0.0,6.0,0.285,ntr2_human___1099
66.87452784503635,52.69166666666667,-1.335,286.466,0.0,9.0,0.417,grpr_human___1136
67.1171679197995,67.03992307692306,0.283,186.465,0.0,10.0,0.808,agtr2_human___1790
65.9718685831622,53.47137931034484,377.538,1020.818,0.0,44.0,0.305,ntr1_human___798
66.01874418604656,55.20612903225808,180.479,582.523,0.0,20.0,0.324,ntr1_human___1579
49.80257057949482,35.1268,-0.903,212.947,0.0,16.0,0.685,gpr37_human___3594
61.93054736842104,52.675,0.003,35.337,0.0,2.0,0.0,nk3r_human___2090
64.0550649350649,41.767500000000005,9.575,125.167,0.0,10.0,0.48,ox2r_human___3735
65.88150417827305,50.283411764705896,1324.516,1989.03,1.0,72.0,0.341,mrgx1_human___687
72.56380829015542,58.19666666666665,930.922,940.554,0.0,36.0,0.288,oprd_human___2019
67.86957286432157,43.075,0.028,8.171,0.0,2.0,0.0,bkrb2_human___582
62.683973799126576,51.3029090909091,398.774,969.203,0.0,42.0,0.328,kissr_human___3594
69.09472222222219,39.08192307692308,-1.738,236.94,0.0,18.0,0.643,qrfpr_human___681
72.807375328084,56.59666666666667,-3.361,484.51,0.0,16.0,0.344,oprd_human___1162
65.55581986143194,65.928,-0.369,120.549,0.0,9.0,0.517,v1br_human___2168
64.42557835820891,49.07,0.35,157.05,0.0,10.0,0.711,pacr_human___4358
69.12533834586468,54.145,0.068,143.891,0.0,2.0,0.005,oprx_human___1136
70.08536057692305,55.86523809523809,269.156,349.59,0.0,20.0,0.37,ur2r_human___3643
52.34317741935486,42.24285714285714,-0.44,85.129,0.0,6.0,0.865,gpr37_human___585
67.31594470046086,30.683636363636364,3373.223,698.618,1.0,15.0,0.182,nk1r_human___612
64.36493013972054,41.43088235294118,2.956,473.82,0.0,31.0,0.602,v1br_human___821
66.63400468384073,50.57490196078432,172.709,1163.929,0.0,39.0,0.363,bkrb2_human___1790
72.77170731707312,61.67192307692307,-0.051,209.725,0.0,16.0,0.234,npbw2_human___3640
67.18631578947367,38.3847619047619,0.319,236.911,0.0,18.0,0.284,ssr1_human___1997
64.48940919037199,57.72,0.0,0.0,0.0,2.0,0.0,ox2r_human___5654
64.95389583333336,57.95785714285715,0.801,211.942,0.0,12.0,0.107,pacr_human___1579
71.64951923076919,66.80982758620688,50.235,1191.326,0.0,35.0,0.422,nk1r_human___644
66.52282352941174,51.86357142857143,-3.701,659.511,0.0,22.0,0.264,ntr1_human___585
70.89306878306874,42.5825,,,,,,ssr5_human___2019
68.81974285714288,55.63000000000002,-3.268,428.6,0.0,24.0,0.442,mshr_human___1140
71.45074492099317,,0.0,0.0,0.0,0.0,0.0,nmur2_human___1099
70.87829836829832,57.31795454545455,270.567,851.859,0.0,37.0,0.266,kissr_human___1643
56.463327370304135,36.91133333333333,-1.956,386.813,0.0,23.0,0.179,npff2_human___681
66.15511961722488,35.160000000000004,0.045,18.174,0.0,3.0,0.0,kissr_human___1871
70.95230125523024,58.01744047619051,2873.874,3092.525,0.0,129.0,0.347,trfr_human___3548
63.686745182012864,53.5625,,,,,,gpr39_human___2019
70.42454106280198,63.54923076923076,28.23,766.413,0.0,42.0,0.487,galr2_human___3643
75.40258227848095,55.05111111111111,0.293,198.893,0.0,14.0,0.009,bkrb1_human___3542
70.47336842105265,39.725,0.204,40.537,0.0,2.0,0.0,npsr1_human___2168
69.7328385416667,52.17578947368421,197.811,195.325,0.0,8.0,0.188,npsr1_human___5654
62.63221556886231,55.63000000000001,-0.389,121.241,0.0,5.0,0.555,nk3r_human___1504
69.4236591478697,51.76416666666668,-0.004,32.184,0.0,5.0,0.0,mrgx1_human___3640
74.54938337801609,62.77515151515153,169.719,502.083,0.0,21.0,0.388,agtr2_human___613
68.16725446428576,64.007,-1.264,227.798,0.0,12.0,0.117,sctr_human___2156
67.10940639269405,52.90666666666667,-0.138,476.899,0.0,14.0,0.469,nmur1_human___1579
67.18874092009679,56.066875,531.753,336.753,0.0,12.0,0.115,trfr_human___4058
72.29893939393939,60.94614035087719,1212.224,1105.816,0.0,43.0,0.225,mshr_human___5654
74.85860103626948,67.79777777777777,-0.466,94.341,0.0,7.0,0.011,fshr_human___3640
67.44000000000003,54.05901234567901,1428.284,2140.955,0.0,65.0,0.459,galr2_human___2019
64.33495495495494,42.59093023255813,3989.677,1154.856,0.0,34.0,0.225,npff1_human___11417
55.74534050179212,41.11840000000002,11671.544,2723.483,1.0,77.0,0.224,npff2_human___1790
64.21192139737992,60.642950819672144,685.942,1235.776,1.0,40.0,0.416,mchr1_human___1790
63.13200435729852,42.40977272727274,58.411,706.749,0.0,33.0,0.53,nmur2_human___2270
66.33889929742388,59.4768,80.372,484.494,0.0,17.0,0.346,nmur2_human___1579
69.74874659400541,57.563478260869566,60.97,1050.852,0.0,36.0,0.429,mc3r_human___2270
51.7139389067524,44.97,1.827,89.817,0.0,6.0,0.825,gpr37_human___2168
62.32487084870842,61.209629629629625,61.949,187.11,0.0,20.0,0.614,rl3r1_human___574
68.73021400778211,53.06384615384616,107.575,621.974,0.0,21.0,0.507,oprk_human___2945
67.9287886597938,60.95333333333334,0.001,16.818,0.0,3.0,0.0,apj_human___1479
76.05684698608962,39.943,0.246,37.343,0.0,6.0,0.0,gnrhr_human___3548
68.48627791563275,52.23833333333334,2.43,485.354,0.0,27.0,0.46,mrgx2_human___574
68.11821759259256,48.879583333333336,119.809,544.821,0.0,17.0,0.538,ssr3_human___2019
68.7763813229572,42.9871875,0.433,469.899,0.0,27.0,0.4,apj_human___2945
67.87654627539499,61.26571428571429,-0.523,99.709,0.0,4.0,0.535,nk1r_human___1514
64.63788636363637,58.30833333333334,524.694,380.349,1.0,10.0,0.295,mtlr_human___1099
66.81042154566741,57.52800000000001,423.415,482.855,0.0,18.0,0.297,nk1r_human___1871
82.33715846994528,,0.0,0.0,0.0,0.0,0.0,bkrb1_human___5654
71.65870422535214,55.31283018867923,950.35,811.13,0.0,38.0,0.264,bkrb2_human___3548
66.1605980861244,52.133,-0.249,74.683,0.0,7.0,0.29,nk2r_human___1871
64.45879818594105,51.521111111111104,488.733,1052.878,1.0,32.0,0.228,mtlr_human___1136
63.79784444444453,41.9616,301.414,329.167,0.0,21.0,0.309,nmbr_human___3594
64.29853813559315,54.155,-0.004,14.091,0.0,2.0,0.0,ox2r_human___1699
68.2963289036545,51.5797619047619,68.026,223.801,0.0,29.0,0.435,galr2_human___3700
67.57025000000003,41.93,0.0,0.0,0.0,2.0,0.0,ssr2_human___1643
70.45007633587782,60.493908045977,4705.893,1635.024,1.0,65.0,0.238,fpr2_human___3542
69.11770042194088,50.23499999999999,9.376,324.0,0.0,25.0,0.27,nk2r_human___771
63.92993362831859,,0.0,0.0,0.0,0.0,0.0,ox2r_human___1479
66.72474999999997,,0.0,0.0,0.0,0.0,0.0,trfr_human___2139
60.10122149837136,29.13545454545455,3.496,175.433,0.0,8.0,0.772,gp107_human___2019
66.76347252747252,51.84466666666668,187.348,487.502,0.0,20.0,0.188,v1br_human___1643
57.384713114754085,41.67657894736843,147.594,510.255,0.0,25.0,0.354,g37l1_human___1157
68.45281795511218,51.15933333333335,-4.66,552.013,0.0,23.0,0.462,oprx_human___1643
69.74848717948719,,0.0,0.0,0.0,0.0,0.0,mshr_human___574
70.1594221105528,48.144,-0.383,80.578,0.0,6.0,0.275,ssr1_human___1157
65.73235033259427,50.20653846153845,819.27,949.475,1.0,39.0,0.222,nmur1_human___1470
79.95411764705885,44.71,17.555,186.171,0.0,9.0,0.633,kissr_human___1283
67.78469248291576,48.376545454545465,-4.754,1166.632,1.0,41.0,0.475,nmur2_human___1047
67.4927293577982,60.66166666666668,133.641,639.983,0.0,27.0,0.472,nmur1_human___2089
67.37475888324879,53.95392857142855,6230.232,1483.563,0.0,62.0,0.209,rl3r1_human___3548
58.34427777777784,36.40130434782608,121.052,239.475,0.0,16.0,0.324,npff2_human___3735
67.6671285475793,54.71095238095237,363.914,279.954,0.0,18.0,0.324,grpr_human___3700
74.94501501501506,48.0465,0.961,242.837,0.0,13.0,0.458,qrfpr_human___3570
65.93612440191386,,0.0,0.0,0.0,0.0,0.0,trfr_human___1490
63.283139329805934,48.83639344262295,462.804,768.44,1.0,39.0,0.362,sctr_human___817
75.09051204819278,63.20200000000001,4.441,336.984,0.0,22.0,0.552,npbw1_human___1623
72.91198113207547,64.6129411764706,16.774,257.809,0.0,10.0,0.577,fpr2_human___574
67.93375000000002,62.27379310344828,9.868,407.761,0.0,22.0,0.329,galr2_human___5654
71.58207407407406,53.44923076923078,29.7,481.341,0.0,24.0,0.682,sctr_human___3570
80.22121621621626,,0.0,0.0,0.0,0.0,0.0,bkrb1_human___1681
84.14142473118282,73.22447368421054,35.38,1361.925,0.0,57.0,0.365,fpr2_human___3935
65.89089834515366,59.65621621621622,414.588,703.344,0.0,24.0,0.275,mtlr_human___2098
72.09908831908824,51.61901960784315,333.172,721.121,0.0,41.0,0.396,npbw1_human___1495
67.53239631336399,55.3575,-1.383,143.077,0.0,4.0,0.517,nk2r_human___1514
69.1773115577889,,0.0,0.0,0.0,0.0,0.0,mc5r_human___574
69.6699776785715,52.341969696969706,1157.688,1511.638,2.0,48.0,0.259,v2r_human___3640
51.26343749999997,36.855714285714285,0.25,117.486,0.0,4.0,0.512,gpr37_human___612
65.52582159624419,50.004137931034485,232.257,417.615,0.0,19.0,0.26,trfr_human___1699
69.06473053892212,52.70781250000001,394.826,694.682,2.0,22.0,0.448,mrgx1_human___1579
67.46125348189415,54.84166666666667,612.852,214.077,0.0,11.0,0.174,mc4r_human___1997
78.4010714285715,63.64913043478261,28.79,645.618,0.0,30.0,0.181,ednra_human___989
70.9123283582089,55.806249999999984,42.777,345.432,0.0,10.0,0.491,mc3r_human___1579
68.61215517241378,48.85722222222223,65.143,831.518,0.0,35.0,0.325,qrfpr_human___1140
67.02695219123507,57.216,1.7,280.432,0.0,8.0,0.453,cckar_human___573
62.68713389121339,48.55333333333332,2016.149,1213.56,0.0,43.0,0.204,gpr39_human___1470
69.8940506329114,,0.0,0.0,0.0,0.0,0.0,ssr1_human___1623
68.10450236966825,38.06475000000001,2475.195,732.876,0.0,32.0,0.25,ssr1_human___1643
66.28231683168323,54.65384615384615,101.511,511.0,1.0,21.0,0.374,v1ar_human___3645
66.74817767653761,54.91959999999998,-1.871,364.476,0.0,22.0,0.505,mchr1_human___1681
70.77616187989567,46.60909090909092,-0.019,183.884,0.0,9.0,0.57,ssr2_human___2019
69.50937984496123,58.8924,12.291,411.597,0.0,18.0,0.413,oprk_human___1157
69.2898823529412,62.66214285714285,-0.174,65.475,0.0,9.0,0.702,oprk_human___3700
68.25436090225566,66.73218390804597,3987.576,1813.082,1.0,58.0,0.294,ur2r_human___613
66.43944444444443,47.91724999999999,108.7,601.501,1.0,29.0,0.404,grpr_human___3592
69.54233788395902,57.8345945945946,1.896,752.602,0.0,30.0,0.49,v2r_human___3700
67.08068965517248,48.30934426229508,313.295,1067.747,0.0,46.0,0.365,ssr2_human___687
65.14447727272723,49.623333333333335,276.052,1015.589,0.0,32.0,0.382,ntr1_human___1458
71.97979466119101,44.91645161290323,945.817,712.2,0.0,19.0,0.224,bkrb1_human___2945
68.17266343825669,44.57043478260869,237.61,571.149,0.0,19.0,0.392,ssr2_human___2270
65.55203862660946,56.135,0.0,0.0,0.0,2.0,0.0,cckar_human___921
67.2258208955224,43.26117647058824,-1.173,131.203,0.0,12.0,0.811,ur2r_human___1320
65.92841163310959,44.4164,1.766,475.837,0.0,20.0,0.168,cckar_human___1298
67.54195519348268,50.00045454545455,694.665,709.419,0.0,36.0,0.492,nmur2_human___771
70.62429687499994,55.32102272727274,1616.597,1851.119,0.0,71.0,0.299,fpr2_human___1140
73.7695786516853,67.33965517241379,55.187,781.999,0.0,25.0,0.386,gnrhr_human___1152
63.36256029684608,47.510181818181806,144.952,697.667,1.0,37.0,0.376,rl3r1_human___808
68.75957070707072,37.92071428571428,55.387,273.513,0.0,11.0,0.305,npsr1_human___1470
63.43261224489799,39.48058823529412,100.771,645.391,0.0,25.0,0.487,rl3r1_human___1004
83.17058673469391,78.65666666666667,-2.669,234.083,0.0,10.0,0.643,ssr5_human___1152
73.52587096774194,61.39642857142858,-2.024,390.079,0.0,20.0,0.421,ednra_human___921
73.84529729729728,,0.0,0.0,0.0,0.0,0.0,agtr1_human___8526
65.42542452830193,62.44911764705882,1053.888,738.697,0.0,25.0,0.277,mtlr_human___1579
68.08618448637313,53.87876404494382,117.499,1389.213,0.0,71.0,0.368,oxyr_human___3646
73.44568661971839,53.688,84.89,147.662,0.0,2.0,0.361,bkrb1_human___3700
71.34765661252897,62.93634920634921,1569.263,1437.058,2.0,49.0,0.437,ssr3_human___5654
68.45726256983234,56.58416666666667,0.035,114.397,0.0,7.0,0.523,mrgx1_human___1504
74.8871117561683,60.9862162162162,83.984,403.958,0.0,24.0,0.509,prlhr_human___3548
72.31291845493574,56.54526315789476,2620.832,1286.182,0.0,75.0,0.208,apj_human___3548
72.29806569343067,56.52111111111111,132.179,131.443,0.0,5.0,0.231,npbw2_human___3700
74.0557303370787,54.77821428571429,3.656,650.639,0.0,20.0,0.518,npbw1_human___1152
70.60296391752577,63.06401785714282,1641.28,2530.831,1.0,75.0,0.324,ghsr_human___1458
71.5309501187648,61.95243243243244,-1.232,370.138,0.0,29.0,0.274,fpr3_human___758
70.26152500000008,60.01,40.156,394.712,0.0,23.0,0.446,nmbr_human___613
69.23004310344828,42.81363636363636,0.534,345.966,0.0,24.0,0.348,mrgx2_human___2945
68.24925831202047,41.9975,-0.26,93.451,0.0,8.0,0.365,apj_human___8526
64.01617463617467,43.98,0.002,1.025,0.0,6.0,0.0,gpr39_human___1699
63.073225108225145,43.37256410256411,635.623,903.6,0.0,33.0,0.317,ntr1_human___2270
80.5709295774648,80.55352941176469,79.464,359.859,0.0,11.0,0.296,gnrhr_human___3643
68.69172500000003,58.63772727272728,-1.33,293.756,0.0,14.0,0.189,bkrb2_human___644
71.30870870870866,53.208260869565216,462.438,470.879,0.0,15.0,0.324,mc3r_human___2090
73.92312500000004,67.99770270270271,304.809,1181.932,0.0,48.0,0.247,agtr1_human___644
67.7011691542288,51.937666666666665,430.526,642.882,0.0,21.0,0.331,ssr4_human___11417
68.68928730512252,57.1215873015873,459.023,1011.572,0.0,46.0,0.309,mtlr_human___687
63.25600858369105,42.63941176470588,2472.13,1387.519,0.0,37.0,0.267,npff1_human___1790
68.18468749999994,57.545,0.38,63.273,0.0,3.0,0.0,apj_human___1504
66.43641425389754,48.40285714285713,665.247,1166.358,1.0,49.0,0.32,oxyr_human___3594
67.83159203980095,41.98793103448276,1218.007,685.108,0.0,22.0,0.191,ssr4_human___2019
69.01486215538851,51.33777777777778,-0.171,83.734,0.0,10.0,0.066,bkrb2_human___646
72.53763414634149,61.31000000000001,648.066,794.178,0.0,36.0,0.178,oprd_human___921
63.12186612576058,50.32688888888889,779.093,2220.765,1.0,71.0,0.424,vipr1_human___1790
73.98460732984292,58.34666666666667,212.354,401.184,0.0,18.0,0.571,bkrb1_human___1136
62.77215481171546,59.138888888888886,-1.046,189.142,0.0,10.0,0.311,nk3r_human___5654
70.46005847953217,50.63499999999999,154.747,248.337,0.0,8.0,0.215,mc4r_human___2090
69.18458974358974,47.99538461538462,96.768,281.624,0.0,7.0,0.534,prlhr_human___1871
55.11677606177607,39.522,-0.126,74.442,0.0,2.0,0.0,g37l1_human___681
70.66685185185187,,245.628,296.845,0.0,10.0,0.202,npsr1_human___1157
68.77856060606057,42.69545454545455,-0.838,225.445,0.0,18.0,0.104,ssr2_human___1997
71.69048101265822,59.174339622641504,124.787,981.911,0.0,40.0,0.205,fpr3_human___3542
72.43300469483567,59.70428571428572,0.59,73.741,0.0,5.0,0.72,fpr3_human___574
71.51737967914428,51.985,0.047,1.663,0.0,2.0,0.0,oprx_human___1623
69.33887804878053,49.11904761904762,2.568,328.535,0.0,15.0,0.809,ghsr_human___2270
69.72953964194376,,556.468,209.653,0.0,2.0,0.272,agtr2_human___1152
65.99855450236964,53.024791666666665,271.015,931.33,0.0,37.0,0.23,oprk_human___3542
67.92990147783252,62.45916666666668,67.63,471.158,0.0,23.0,0.386,oprx_human___1790
65.72016460905354,52.76833333333334,-1.22,169.768,0.0,7.0,0.647,vipr1_human___1136
68.82325236167343,53.819558823529405,3327.705,753.008,0.0,48.0,0.055,mchr1_human___3548
72.01768774703552,64.37300000000002,-3.603,285.113,0.0,13.0,0.786,rl3r1_human___687
71.26949238578675,62.415,0.541,60.793,0.0,4.0,0.448,ghsr_human___1099
73.8043055555555,61.81000000000001,-0.042,56.843,0.0,10.0,0.152,bkrb1_human___582
60.50243902439017,39.183125,10.417,601.573,0.0,24.0,0.443,gp107_human___4058
69.52985507246376,54.79631578947369,304.077,438.921,0.0,19.0,0.341,mshr_human___1152
66.38145985401457,49.801904761904765,616.42,874.04,0.0,31.0,0.294,oprk_human___1643
59.25270799347469,38.89125,0.068,143.891,0.0,2.0,0.005,gp107_human___1320
52.80165932452284,43.121851851851865,-1.204,304.928,0.0,20.0,0.076,gpr37_human___758
68.8464174894217,,35.137,1031.673,0.0,53.0,0.56,fshr_human___2019
66.93509589041093,49.85625,0.929,272.706,0.0,15.0,0.335,mc4r_human___1140
62.42826446280992,48.62191489361703,-1.284,515.053,0.0,37.0,0.429,ednrb_human___3542
67.25977777777769,51.85619047619048,271.707,669.92,0.0,35.0,0.305,mc3r_human___681
70.31209595959591,53.14888888888889,0.056,22.053,0.0,7.0,0.0,mc3r_human___574
64.23745192307695,60.952857142857134,0.021,36.038,0.0,6.0,0.01,mtlr_human___1623
67.49486419753087,51.62315789473684,0.038,389.737,0.0,16.0,0.608,ssr4_human___1620
67.4748536585366,45.86722222222223,68.255,425.793,0.0,8.0,0.296,nmbr_human___1871
54.974948453608256,38.664791666666666,-5.165,469.476,0.0,14.0,0.327,npff2_human___3594
68.35313645621179,52.16419354838711,505.893,379.541,0.0,25.0,0.156,g37l1_human___613
70.79539473684211,42.10333333333333,6.586,97.018,0.0,6.0,0.592,npsr1_human___2174
69.91869791666666,57.09786885245902,356.627,1125.298,0.0,46.0,0.298,v2r_human___5654
66.29591928251122,50.34764705882352,46.314,307.346,0.0,12.0,0.716,ntr1_human___1099
72.0340311173975,60.003723404255325,868.396,1232.875,1.0,61.0,0.219,ssr4_human___3548
64.17916483516485,39.98647058823529,-0.538,160.776,0.0,14.0,0.477,npff1_human___1470
68.05663390663396,35.097272727272724,6056.619,686.393,1.0,18.0,0.166,apj_human___612
65.15406676783002,53.8475,0.303,129.6,0.0,9.0,0.43,ox2r_human___3700
68.99878021978029,65.92666666666666,2202.79,936.02,0.0,34.0,0.339,fshr_human___3700
70.52271052631578,64.32793103448276,222.815,594.23,0.0,20.0,0.362,prlhr_human___2090
70.48153713298794,61.177692307692304,-0.265,186.735,0.0,9.0,0.095,ssr5_human___3700
75.87577814569526,64.58222222222221,,,,,,ssr2_human___3570
76.28065656565659,63.764117647058825,,,,,,oxyr_human___1157
69.3760305343512,53.211666666666666,52.189,256.08,0.0,14.0,0.559,oprk_human___5654
69.5734831460674,49.06999999999999,-4.12,415.081,0.0,19.0,0.561,ssr3_human___1997
71.33900414937766,70.90615384615384,19.117,119.153,0.0,9.0,0.4,rl3r1_human___5654
70.00315649867372,48.05791666666666,424.009,551.156,0.0,30.0,0.122,mchr2_human___681
64.56407834101385,44.601,-0.407,454.731,0.0,18.0,0.416,mtlr_human___1458
79.92324649298595,65.62782608695652,1.383,213.48,0.0,16.0,0.89,nmur1_human___812
67.75254344391796,52.23851851851852,2.357,421.632,0.0,20.0,0.659,ssr3_human___3700
67.00454545454548,52.996181818181824,859.025,996.345,1.0,40.0,0.249,agtr2_human___3646
69.61032581453631,,0.028,20.176,0.0,2.0,0.0,mc5r_human___573
67.36116113744077,47.57307692307692,59.488,568.771,0.0,12.0,0.41,ntr2_human___1579
68.97097142857136,48.73,46.961,292.282,0.0,6.0,0.466,mc4r_human___3606
63.811379310344826,54.85222222222223,175.769,1467.978,2.0,65.0,0.336,v1br_human___798
66.32466200466197,58.47923076923078,29.843,322.76,0.0,16.0,0.516,mchr1_human___1157
58.21411764705884,42.525384615384624,49.517,623.477,0.0,20.0,0.539,g37l1_human___1136
68.16284916201116,52.35518518518519,281.939,294.16,0.0,23.0,0.35,mc5r_human___1140
71.84919067215367,57.48243243243245,3537.002,983.498,0.0,57.0,0.075,ntr2_human___3548
71.94977142857145,65.15299999999999,1351.517,616.375,0.0,24.0,0.157,mc3r_human___3643
65.2866050808314,47.095454545454544,293.418,785.173,0.0,45.0,0.412,ur2r_human___2270
65.28428571428573,45.08861111111111,643.597,369.377,0.0,25.0,0.233,ssr3_human___681
68.73975247524754,44.32137931034483,-3.623,384.516,0.0,16.0,0.689,nmbr_human___11417
65.61519323671496,44.50333333333335,2002.902,626.319,0.0,34.0,0.132,bkrb2_human___1495
75.8442964824121,63.59894736842104,-1.581,277.542,0.0,15.0,0.69,oxyr_human___2174
69.85206315789475,50.15684210526316,-1.562,328.726,0.0,13.0,0.212,gasr_human___1699
71.82228490832156,60.25009708737863,1984.744,1552.537,0.0,75.0,0.387,nmbr_human___3548
62.83183953033269,46.82341176470589,1505.852,1647.655,0.0,68.0,0.356,v1br_human___3645
66.42768115942029,47.244406779661006,411.757,871.185,0.0,47.0,0.224,bkrb2_human___754
71.40920000000003,53.912708333333335,332.572,852.986,0.0,37.0,0.397,fpr2_human___1047
66.88786720321929,60.339069767441856,-1.746,693.885,0.0,26.0,0.389,pacr_human___1136
73.23481220657276,70.50299999999999,-1.318,209.197,0.0,13.0,0.334,mchr1_human___1623
58.18323232323233,35.74969696969698,-4.956,652.365,0.0,26.0,0.375,g37l1_human___11417
68.51182044887778,58.08307692307692,1410.078,545.767,0.0,22.0,0.263,ssr4_human___5654
68.59238095238095,59.11245901639343,985.667,1184.1,1.0,43.0,0.283,nk1r_human___5654
75.07765281173592,62.535,0.0,0.0,0.0,3.0,0.0,oxyr_human___1490
65.57296391752573,47.17500000000001,401.664,1337.352,0.0,51.0,0.259,gnrhr_human___3594
70.82185676392567,49.45758620689656,165.554,688.006,0.0,20.0,0.443,agtr2_human___2019
71.17271099744251,44.93277777777777,0.095,464.787,1.0,20.0,0.312,ssr5_human___1997
81.1912253829322,75.93875000000001,-0.236,102.817,0.0,9.0,0.482,oxyr_human___4358
79.52870044052865,79.9975,-0.224,65.406,0.0,4.0,0.0,nmur1_human___1099
70.16749174917481,49.19428571428572,0.372,110.553,0.0,9.0,0.0,ssr1_human___3700
72.07096234309631,57.16970238095233,8694.479,3191.766,2.0,133.0,0.278,nk2r_human___3548
66.72101851851852,50.60428571428571,215.343,644.989,0.0,27.0,0.438,ntr2_human___1458
63.73273318872019,51.225,-0.055,45.946,0.0,3.0,0.102,gpr39_human___864
69.27580729166668,,0.0,0.0,0.0,0.0,0.0,oprk_human___1623
69.1178288100209,55.06928571428572,28.687,497.67,0.0,29.0,0.535,ednrb_human___687
67.72031335149869,53.34666666666666,-0.133,36.589,0.0,3.0,0.0,fshr_human___3633
61.852249443207135,44.20895833333332,3608.344,926.288,0.0,35.0,0.116,mtlr_human___681
63.98721198156678,42.87103448275862,0.26,763.029,0.0,23.0,0.379,nmur2_human___1298
70.09373297002725,47.84230769230769,137.372,699.911,0.0,25.0,0.533,npbw1_human___3633
68.32103365384616,51.72777777777779,114.236,1320.074,2.0,37.0,0.233,apj_human___1790
68.44083544303797,,0.0,0.0,0.0,0.0,0.0,ssr4_human___1157
66.67211363636365,53.07837837837838,97.256,607.07,0.0,31.0,0.43,ssr3_human___6067
67.27324637681158,45.29137931034482,771.667,534.219,0.0,17.0,0.178,mrgx1_human___5336
59.329745508982,43.01052631578947,-0.081,117.967,0.0,13.0,-0.01,gp107_human___758
66.4467358490566,52.99666666666667,7.1,247.365,0.0,5.0,0.651,gpr39_human___810
63.550796645702256,42.81276595744681,7.655,816.551,0.0,35.0,0.325,ox2r_human___1140
74.85426229508198,59.36124999999999,502.993,367.125,0.0,15.0,0.316,fpr2_human___4058
69.02931203931203,61.85041666666667,1847.008,373.469,0.0,18.0,0.017,ssr2_human___921
71.11874425727414,48.93846153846154,-0.229,268.228,0.0,23.0,0.272,ntr1_human___3570
75.38495702005731,65.36545454545455,752.795,567.304,0.0,21.0,0.36,gnrhr_human___3935
69.94493303571429,67.49708860759496,568.425,1549.451,1.0,58.0,0.293,qrfpr_human___1681
69.67424552429662,,0.0,0.0,0.0,0.0,0.0,mshr_human___573
72.34700549450555,58.77571428571429,379.968,1187.752,0.0,48.0,0.238,npbw1_human___1790
72.7114518760196,53.69199999999999,174.626,169.959,0.0,16.0,0.027,kissr_human___3700
69.21710144927536,59.786,-0.039,34.514,0.0,2.0,0.0,mc5r_human___1871
71.11967963386726,51.26090909090909,-0.32,169.147,0.0,6.0,0.407,ednra_human___613
70.17268835616434,,0.0,0.0,0.0,0.0,0.0,ssr2_human___3700
66.52336405529957,54.99620689655173,-0.309,262.077,0.0,23.0,0.535,ednra_human___1157
64.51158013544011,45.41470588235294,938.235,1212.744,0.0,42.0,0.307,ntr1_human___1470
68.1885376344086,45.136470588235305,-0.065,69.0,0.0,6.0,0.7,ssr4_human___3640
66.90835030549897,51.51,3.612,317.587,0.0,21.0,0.655,v1ar_human___819
78.64813993174066,58.381666666666646,14.462,618.527,0.0,29.0,0.635,fpr2_human___3570
68.18115577889448,52.03218750000001,249.153,355.317,0.0,23.0,0.313,grpr_human___11417
66.98905882352939,,0.0,0.0,0.0,0.0,0.0,ssr3_human___582
56.783825503355736,51.828235294117626,114.201,1662.703,2.0,77.0,0.417,v2r_human___855
67.94093959731548,47.76095238095239,2.88,950.92,0.0,51.0,0.461,v2r_human___771
73.25728051391864,60.665624999999984,-5.885,616.904,1.0,29.0,0.53,npbw2_human___2945
66.36465437788024,62.78714285714285,207.956,1249.61,0.0,41.0,0.336,kissr_human___1790
83.36552486187846,74.89333333333333,-0.22,55.616,0.0,2.0,0.92,bkrb1_human___644
65.72222222222221,58.75173913043477,-0.364,80.09,0.0,14.0,0.409,ssr3_human___758
64.80273159144893,42.49736842105264,1085.065,1256.934,0.0,46.0,0.361,grpr_human___687
74.62880886426595,70.34088888888888,158.867,1638.2,0.0,61.0,0.328,fpr2_human___613
70.10034934497818,51.572727272727256,2.627,588.696,0.0,34.0,0.488,ghsr_human___754
63.080998003992086,53.09068965517243,75.471,452.473,1.0,23.0,0.516,pacr_human___1140
70.73554317548744,,0.0,0.0,0.0,0.0,0.0,mchr2_human___1298
65.84287037037042,45.90277777777778,676.871,860.383,1.0,41.0,0.313,nmbr_human___3542
68.89840116279076,59.21172413793103,198.053,969.122,0.0,39.0,0.332,mshr_human___1997
70.72202702702701,,0.0,0.0,0.0,0.0,0.0,agtr2_human___582
63.88809708737865,53.94785714285715,0.096,226.938,0.0,11.0,0.496,ednrb_human___574
70.29955399061032,50.99967213114754,205.242,670.449,0.0,42.0,0.344,oxyr_human___681
65.400685840708,45.66304347826087,-1.501,460.839,0.0,16.0,0.36,nmur1_human___5895
82.61159705159712,80.34200000000001,191.848,197.95,0.0,3.0,0.328,kissr_human___644
63.93937354988402,45.35977777777778,465.001,1740.111,1.0,65.0,0.318,v2r_human___3594
72.75370165745855,53.55583333333333,1513.099,462.636,0.0,17.0,0.091,fpr3_human___1162
61.25874226804127,51.49875,-0.95,96.332,0.0,10.0,0.232,nk3r_human___1871
56.58785992217901,41.71354166666668,53.91,1000.534,0.0,37.0,0.424,g37l1_human___1140
57.40588469184892,40.22236842105262,1481.135,778.955,0.0,27.0,0.156,g37l1_human___6067
65.39601307189547,60.56738095238095,286.558,692.803,0.0,27.0,0.436,npff1_human___1136
69.58153477218225,55.395263157894746,53.515,524.864,0.0,24.0,0.322,ur2r_human___1152
69.30975490196082,53.6025,1.059,249.122,0.0,15.0,0.562,oprx_human___921
64.6936899563318,55.68272727272727,-2.03,302.519,0.0,16.0,0.174,npff1_human___1699
71.93419452887541,65.12133333333334,2353.44,353.136,0.0,12.0,0.123,mshr_human___1579
66.26136524822695,44.17894736842105,3.014,597.944,0.0,23.0,0.418,npff1_human___2945
70.83742009132415,64.268,98.292,689.221,0.0,22.0,0.342,cckar_human___613
71.20954225352105,60.84,10.599,281.864,1.0,8.0,0.288,fpr3_human___3700
69.72208835341368,54.70281249999999,1825.821,1673.99,0.0,85.0,0.28,cckar_human___3548
62.75280254777066,62.3686363636364,894.225,1863.057,1.0,61.0,0.325,ox2r_human___612
68.2404158415842,41.74281250000001,115.47,538.87,0.0,25.0,0.277,npsr1_human___2945
65.19485057471266,39.44772727272727,60.241,503.475,1.0,16.0,0.543,ntr2_human___1470
66.68120087336244,,0.0,0.0,0.0,0.0,0.0,sctr_human___3606
69.73947826086949,57.26799999999999,850.825,335.965,0.0,15.0,0.048,mc4r_human___5654
66.18193236714973,33.67153846153846,0.111,54.141,0.0,6.0,0.0,galr2_human___612
65.88228846153852,54.8892,-0.393,180.171,0.0,12.0,0.515,gasr_human___819
63.86906693711968,53.56,-0.051,9.38,0.0,2.0,0.0,nk3r_human___1099
68.38966587112175,50.06137931034481,-1.957,240.775,0.0,16.0,0.499,mrgx1_human___1272
68.16881542699726,52.18368421052632,155.112,328.007,0.0,14.0,0.321,mc4r_human___1643
71.37105263157888,66.26360000000001,329.376,354.91,0.0,15.0,0.384,prlhr_human___2089
70.18334782608696,61.95812500000001,-0.115,228.068,0.0,21.0,0.289,oprd_human___3646
69.45026315789471,51.53634146341464,4.082,616.846,0.0,32.0,0.637,v2r_human___2168
62.77452525252524,47.38000000000002,668.832,1587.242,0.0,57.0,0.354,vipr1_human___921
61.41185628742517,46.9279411764706,132.223,1469.216,0.0,48.0,0.31,nk3r_human___1790
67.41053364269142,57.03538461538461,-0.011,80.421,0.0,6.0,0.664,v1ar_human___5654
71.56664907651718,68.28809523809525,38.373,312.383,0.0,16.0,0.215,oprx_human___644
71.07000000000001,69.6078125,1499.045,1434.651,1.0,48.0,0.328,oprx_human___4358
69.71122077922084,55.2406779661017,967.044,1074.29,0.0,39.0,0.169,v2r_human___11417
71.93247510668554,59.87144927536233,9086.311,2533.284,1.0,104.0,0.24,grpr_human___3548
56.52475177304968,43.76075,180.839,676.4,0.0,30.0,0.321,npff2_human___3542
65.33493150684934,67.30055555555553,2952.508,1659.961,0.0,54.0,0.414,npff1_human___1479
68.10866498740559,61.96533333333334,10.415,128.323,0.0,9.0,0.704,ur2r_human___2156
84.61631123919311,69.91285714285715,212.354,401.184,0.0,18.0,0.571,mchr2_human___585
64.7230181086519,46.99881355932204,,,,,,v1br_human___819
78.34419354838714,71.13636363636364,-1.155,205.299,0.0,11.0,0.717,agtr2_human___644
70.1424808184143,,0.0,0.0,0.0,0.0,0.0,npsr1_human___1490
66.30076372315042,48.353125,117.38,698.535,0.0,24.0,0.478,ssr4_human___1643
64.84486238532108,56.71903225806452,4.904,709.886,0.0,22.0,0.214,v1br_human___1579
76.46010840108403,66.91727272727275,36.647,702.374,0.0,34.0,0.303,mc4r_human___687
67.29041189931353,55.42142857142857,,,,,,ntr2_human___3643
66.5939318181818,56.03,70.149,165.068,0.0,2.0,0.42,nmur2_human___1470
71.9855051546392,60.37326530612248,90.078,907.11,0.0,37.0,0.413,fpr2_human___2945
73.10526992287916,57.109333333333325,101.611,553.138,0.0,23.0,0.382,oprd_human___1681
68.69798488664983,47.805,0.446,63.195,0.0,2.0,0.488,bkrb1_human___2270
78.1067405764967,56.87866666666666,68.296,620.827,0.0,15.0,0.407,npff1_human___3935
70.67439153439155,43.635,180.731,543.702,0.0,19.0,0.512,agtr1_human___1298
76.7225125628141,62.58800000000001,-1.22,169.768,0.0,7.0,0.647,oxyr_human___2168
63.30478515624994,44.85,22.432,397.791,0.0,17.0,0.629,pacr_human___2270
72.40022388059703,54.58384615384615,27.461,489.163,0.0,22.0,0.629,oxyr_human___5654
74.55299765807966,50.83714285714287,22.18,326.619,0.0,9.0,0.47,agtr1_human___758
64.84010752688177,60.74628571428571,2632.628,1387.505,0.0,47.0,0.211,gpr39_human___1579
74.41257309941511,51.1265,0.927,408.033,2.0,13.0,0.381,npbw1_human___2019
71.24604770017037,64.15294117647059,1.914,93.953,0.0,11.0,0.865,oprd_human___3700
68.09259423503326,52.202500000000015,0.652,505.257,0.0,26.0,0.352,cckar_human___5336
64.20338677354711,46.44722222222222,-2.703,226.217,0.0,13.0,0.388,vipr1_human___3542
72.92213114754088,49.28095238095237,863.805,542.171,0.0,17.0,0.266,agtr1_human___582
65.45159453302959,56.3278947368421,-1.627,209.004,0.0,18.0,0.25,mchr1_human___1620
73.14678873239443,57.92533898305084,0.0,0.0,0.0,0.0,0.0,ssr1_human___3548
78.49066239316232,62.57399999999999,-5.252,476.718,0.0,22.0,0.146,sctr_human___1152
69.15789340101522,59.88352941176471,309.286,1140.082,0.0,37.0,0.422,oprk_human___2019
66.52143468950749,47.68769230769231,495.456,357.428,0.0,10.0,0.245,gasr_human___1871
64.8239007092199,46.06772727272728,-0.188,226.561,0.0,11.0,0.579,mtlr_human___8526
67.4396,61.79175257731959,1901.176,1954.81,1.0,72.0,0.288,galr2_human___921
65.24200440528634,48.50749999999999,-0.002,15.543,0.0,2.0,0.0,ox2r_human___613
70.81396969696965,54.60043478260869,-5.165,469.476,0.0,14.0,0.327,mshr_human___1320
67.04492871690424,56.34344827586208,505.893,379.541,0.0,25.0,0.156,v1ar_human___812
66.71326963906586,49.33192307692306,801.031,1188.413,0.0,37.0,0.349,ox2r_human___3643
63.33714893617019,46.75999999999999,-3.268,428.6,0.0,24.0,0.442,ednrb_human___1152
68.16049751243789,54.676,0.337,172.644,0.0,4.0,0.277,ssr4_human___3700
65.05406320541756,45.999142857142864,1164.009,980.382,0.0,26.0,0.263,ntr2_human___1140
71.46709859154937,48.14194444444445,3.93,634.172,0.0,24.0,0.542,npbw2_human___6067
69.32146892655366,57.67928571428571,254.636,800.688,0.0,32.0,0.423,mc3r_human___1643
72.95716253443526,60.65369565217392,10.117,836.57,0.0,31.0,0.494,fpr3_human___613
56.74624999999993,,134.265,771.597,0.0,28.0,0.431,npff2_human___3592
67.67811839323467,44.11551020408164,-1.932,707.348,1.0,32.0,0.343,qrfpr_human___3542
58.44598790322576,41.73863636363637,28.23,766.413,0.0,42.0,0.487,g37l1_human___4058
68.76137254901957,59.57166666666666,0.293,198.893,0.0,14.0,0.009,apj_human___1152
65.95848623853209,59.207179487179495,,,,,,mchr1_human___2019
78.459798488665,65.54072727272727,1000.64,1194.82,1.0,41.0,0.174,galr2_human___613
67.24604265402847,46.14388888888889,1954.263,981.654,0.0,37.0,0.193,apj_human___3542
75.40020833333335,65.2985294117647,164.0,438.831,0.0,25.0,0.346,npbw1_human___646
67.33493087557599,47.195,-0.39,97.559,0.0,8.0,0.33,nk2r_human___1504
67.02254464285714,55.77655172413794,371.743,697.727,1.0,21.0,0.343,nmur1_human___1458
68.88165966386549,49.42150000000001,51.304,236.318,0.0,11.0,0.45,nk1r_human___798
68.78307888040709,58.67153846153848,1719.041,206.098,0.0,16.0,-0.017,mc5r_human___758
68.92365384615383,55.16181818181818,139.74,674.761,0.0,29.0,0.453,ur2r_human___2257
71.74794044665012,56.07666666666668,1037.044,508.077,0.0,25.0,0.147,oxyr_human___11417
55.080579710144896,45.65275362318841,368.137,894.001,1.0,50.0,0.468,gpr37_human___3700
73.66479224376734,63.51333333333334,144.027,583.705,0.0,30.0,0.341,fpr3_human___1479
66.87171764705882,46.9075,0.014,7.161,0.0,6.0,0.0,nk2r_human___612
68.4038169642857,54.1796,800.423,368.73,0.0,12.0,0.045,npsr1_human___810
69.44168765743072,55.07935483870967,123.681,445.89,0.0,21.0,0.26,oprk_human___1681
73.75560761346996,59.53753846153848,59.168,747.963,0.0,41.0,0.545,ssr5_human___3548
71.37309582309582,60.42999999999999,7.251,631.327,0.0,25.0,0.159,prlhr_human___687
69.46517441860465,50.31838709677419,324.939,600.804,0.0,24.0,0.398,mrgx2_human___2019
70.53452127659577,56.821666666666665,1.587,264.095,0.0,7.0,0.588,ghsr_human___2090
68.24299168975071,,0.0,0.0,0.0,0.0,0.0,fshr_human___612
58.13322761194035,38.45,-0.232,201.72,0.0,13.0,0.177,npff2_human___11417
62.91701863354034,46.26375,4.033,108.663,0.0,7.0,0.688,rl3r1_human___2019
67.70096969696975,60.706388888888895,70.838,499.224,0.0,25.0,0.365,pacr_human___2257
64.5725623582766,45.04113636363636,624.596,759.435,0.0,34.0,0.188,ntr1_human___5336
54.15539741219963,37.739705882352936,-0.389,418.878,0.0,25.0,0.386,g37l1_human___3594
74.70352941176478,56.58243243243243,445.457,770.176,0.0,29.0,0.221,fpr3_human___3935
64.2108739837398,52.44654761904762,336.336,989.298,0.0,65.0,0.307,v1br_human___758
52.60245585874796,,0.0,0.0,0.0,0.0,0.0,gpr37_human___613
64.00306843267109,46.97096774193548,58.086,616.191,0.0,24.0,0.451,mchr1_human___1643
65.04113636363633,50.41156626506025,1634.497,1852.594,0.0,69.0,0.33,nk2r_human___3542
66.70333333333328,44.962592592592586,2135.443,541.247,0.0,19.0,0.019,bkrb2_human___1136
69.38956072351422,57.10559999999999,1.92,359.587,0.0,16.0,0.51,apj_human___585
62.64283582089556,45.71526315789475,463.689,812.931,0.0,44.0,0.295,ednra_human___3542
69.49449438202251,52.665238095238095,283.636,395.166,0.0,16.0,0.375,mc5r_human___1643
62.380021321961614,44.73340425531914,4.078,685.698,0.0,37.0,0.389,ednrb_human___1997
74.07872463768118,66.81171428571429,5.761,480.335,0.0,21.0,0.433,npbw2_human___1579
58.90202635914329,,0.0,0.0,0.0,0.0,0.0,gp107_human___1157
77.91812499999995,64.6086111111111,-1.019,335.978,0.0,25.0,0.254,ednra_human___687
61.471875000000026,28.853142857142853,18.133,239.599,0.0,27.0,0.215,rl3r1_human___1997
81.57540481400437,68.6905882352941,1.137,273.359,0.0,8.0,0.684,gasr_human___1283
65.50889390519183,62.81930555555555,4039.995,1723.693,1.0,57.0,0.309,npff1_human___5654
75.08475826972013,75.3569387755102,290.269,1044.818,0.0,35.0,0.292,ur2r_human___1623
67.66525959367941,57.15333333333333,-0.296,42.534,0.0,3.0,0.45,nk1r_human___1504
65.64378923766814,48.587187500000006,274.784,472.198,0.0,22.0,0.245,ntr1_human___1152
59.45955665024635,,0.0,0.0,0.0,0.0,0.0,gp107_human___1162
63.63907488986785,45.18089285714285,1.476,626.857,0.0,37.0,0.399,ednra_human___1997
62.51195121951217,49.93566265060239,17434.916,2640.187,1.0,70.0,0.168,nmur2_human___1790
71.82484931506848,42.56692307692309,-0.738,155.564,0.0,12.0,0.318,mchr2_human___1470
50.89003144654088,50.41548387096775,32.324,498.369,0.0,24.0,0.407,gpr37_human___1495
76.89095127610207,68.44,-0.807,127.032,0.0,6.0,0.805,ednra_human___1623
48.85182939362806,48.556969696969695,12199.495,4368.434,1.0,186.0,0.2,gp107_human___856
71.53354954954962,58.73133333333333,2.694,203.319,0.0,13.0,0.314,mchr2_human___3700
69.4282713347921,42.8,0.595,81.167,0.0,2.0,0.695,qrfpr_human___5895
57.80005454545452,37.742250000000006,3882.439,747.228,0.0,32.0,0.21,npff2_human___1699
70.47831349206348,51.07212121212122,63.15,575.05,0.0,28.0,0.268,oprx_human___2945
58.02933734939757,42.575,0.876,70.053,0.0,2.0,0.825,g37l1_human___1681
68.02488038277515,54.46310344827586,63.435,423.398,1.0,21.0,0.331,ntr2_human___2156
67.33180048661804,50.93388888888889,-1.318,333.721,0.0,25.0,0.24,grpr_human___612
68.55874680306907,40.3,-0.369,49.006,0.0,2.0,0.228,npsr1_human___1871
71.41695390781557,54.02,-0.062,224.329,0.0,12.0,0.11,qrfpr_human___758
68.07755434782608,46.75000000000001,253.244,322.576,0.0,10.0,0.25,mc4r_human___1504
65.01137387387385,38.21509803921568,299.954,925.761,0.0,42.0,0.349,nk1r_human___687
70.99225806451616,58.673461538461545,40.931,602.669,0.0,39.0,0.455,ssr5_human___808
63.33097664543524,48.47565217391305,-0.119,865.875,0.0,35.0,0.472,ednrb_human___1136
63.15818574514039,45.3706976744186,22.696,749.771,0.0,36.0,0.465,ednrb_human___1004
67.32832512315267,45.01863636363637,636.272,493.667,0.0,14.0,0.198,ur2r_human___1620
65.71141921397378,45.29833333333334,-0.34,85.782,0.0,9.0,0.249,npff1_human___1152
60.29618270799346,44.89071428571428,10.017,265.037,0.0,12.0,0.521,gp107_human___5654
67.3023990498812,38.428333333333335,15.139,245.5,0.0,12.0,0.532,nk2r_human___5336
63.04827586206896,52.44473684210524,30.939,827.073,0.0,39.0,0.396,mchr1_human___3542
63.07415948275862,46.32,0.078,29.003,0.0,2.0,0.0,ox2r_human___1871
71.08904282115869,66.8572033898305,8536.682,2408.431,0.0,90.0,0.22,agtr1_human___921
72.70779545454545,61.774444444444434,-0.029,170.239,0.0,15.0,0.445,oprd_human___758
69.04661016949146,60.36147058823529,297.216,660.648,0.0,25.0,0.491,mc4r_human___6067
71.18059055118108,44.21500000000001,945.426,624.29,1.0,28.0,0.299,qrfpr_human___821
66.77464373464375,42.38833333333333,-0.924,142.021,0.0,8.0,0.775,trfr_human___2174
69.1359230769231,47.91318181818181,489.761,710.336,1.0,33.0,0.3,fpr3_human___681
74.00597733711055,50.17357142857143,-1.913,244.172,0.0,10.0,0.469,mchr2_human___1320
65.00516055045873,50.94914285714288,12.144,693.787,1.0,24.0,0.4,trfr_human___921
67.12330316742079,52.63169811320754,685.347,1205.344,0.0,38.0,0.292,ntr1_human___1047
65.47978213507622,50.10877551020409,589.509,980.151,0.0,35.0,0.301,nmur1_human___1140
68.88461722488043,54.94052631578947,0.669,140.596,0.0,12.0,0.281,nmbr_human___1152
68.78765289256204,58.34999999999999,1053.862,454.715,0.0,19.0,0.144,nmbr_human___3700
70.18437037037042,44.2775,0.446,142.223,0.0,2.0,0.378,ssr1_human___2019
66.08812500000005,45.116,186.695,308.158,0.0,10.0,0.345,cckar_human___1871
70.64382789317507,53.41,-2.667,285.401,0.0,8.0,0.613,mrgx2_human___1157
67.73177664974621,62.07030303030304,457.419,1105.044,2.0,53.0,0.275,mc5r_human___798
68.80657004830917,56.39684210526315,199.913,1094.029,0.0,43.0,0.213,nmbr_human___1047
51.76607748184021,43.84221590909092,7350.088,2951.563,1.0,132.0,0.202,gpr39_human___856
64.69427272727273,44.53450000000001,-1.538,261.227,0.0,15.0,0.32,ednra_human___5654
76.78018404907975,63.42790697674419,336.293,602.164,0.0,26.0,0.22,npbw2_human___3548
68.12168316831679,,0.0,0.0,0.0,0.0,0.0,bkrb2_human___5654
55.96994082840232,36.13411764705883,-1.149,191.443,0.0,11.0,0.286,g37l1_human___5895
69.27716049382714,55.64200000000001,-1.563,247.209,0.0,18.0,0.199,mc4r_human___812
68.82903394255872,59.29195121951218,615.057,845.271,0.0,35.0,0.379,v2r_human___1579
80.89140718562875,61.49615384615385,1.758,298.89,0.0,8.0,0.276,mc3r_human___1333
69.3784368308351,51.18835164835166,749.244,1850.165,0.0,65.0,0.377,qrfpr_human___1790
69.44405684754516,,0.0,0.0,0.0,0.0,0.0,oprx_human___1620
69.38659544159549,58.74899999999999,135.014,170.211,0.0,10.0,0.715,fshr_human___1157
66.41954643628512,60.02902777777777,2808.946,1342.433,0.0,48.0,0.172,gpr39_human___2089
68.48242690058476,54.91600000000001,491.781,458.4,0.0,12.0,0.491,mrgx1_human___4057
69.14320000000002,55.25041666666667,-2.265,416.672,0.0,19.0,0.47,v1ar_human___585
74.79782991202347,64.33310344827586,196.339,389.576,0.0,21.0,0.392,npbw2_human___646
68.74681012658229,59.127704918032784,1168.897,1158.337,0.0,42.0,0.275,galr2_human___1479
66.34682870370365,53.48765957446808,645.732,901.212,0.0,30.0,0.239,ntr2_human___6067
65.72301158301158,45.66,0.003,7.816,0.0,3.0,0.0,gasr_human___776
63.67781746031742,54.03653846153846,2.751,1030.661,2.0,34.0,0.335,pacr_human___1790
70.44195011337867,69.75388888888888,800.55,717.793,0.0,32.0,0.278,qrfpr_human___613
70.40010327022368,50.77619047619047,-0.298,250.998,0.0,15.0,0.421,ghsr_human___3700
58.808809073724014,38.210800000000006,38.635,365.056,0.0,16.0,0.658,npff2_human___1157
65.62329809725159,55.6347619047619,29.102,322.083,1.0,13.0,0.572,sctr_human___1140
67.23354460093906,58.03536585365853,248.941,894.94,0.0,28.0,0.353,trfr_human___1152
62.18265682656823,41.389080459770106,661.474,1308.976,0.0,53.0,0.263,nmur2_human___817
70.2743412526998,50.42075471698112,528.209,890.045,0.0,43.0,0.408,ghsr_human___1272
70.93323759791122,49.71399999999999,-0.093,157.86,0.0,6.0,0.366,oprx_human___5654
65.87535796766744,40.01593749999999,5.133,536.711,0.0,21.0,0.321,ntr2_human___5336
74.0278034682081,51.87629629629629,-2.302,325.598,0.0,20.0,0.308,npbw2_human___5654
70.39262569832404,57.083333333333336,0.0,0.0,0.0,0.0,0.0,mrgx2_human___1099
63.80784232365139,44.96500000000001,145.668,1026.248,0.0,37.0,0.251,ox2r_human___921
62.71471057884234,54.28857142857142,0.15,76.585,0.0,5.0,0.71,nk3r_human___1514
64.3513063063063,41.48230769230769,-0.144,47.795,0.0,10.0,0.302,ednra_human___1620
51.24691950464398,37.22705882352941,-0.227,182.083,0.0,12.0,0.341,gpr37_human___1140
60.98997286295793,55.695,4.798,255.236,0.0,18.0,0.633,npff2_human___3700
68.09167883211683,58.92243902439025,-0.186,735.92,0.0,26.0,0.224,grpr_human___2257
69.19761658031089,,0.0,0.0,0.0,0.0,0.0,ssr2_human___1620
68.21177658142665,54.06897435897434,2427.15,2463.46,1.0,112.0,0.341,v1br_human___3548
63.27997959183675,55.76200000000001,-0.441,164.813,0.0,15.0,0.52,vipr1_human___1140
60.73495705521472,49.684032258064505,-2.807,1231.353,0.0,52.0,0.329,gp107_human___3700
64.98915596330275,,0.0,0.0,0.0,0.0,0.0,pacr_human___821
73.44994550408717,,0.0,0.0,0.0,0.0,0.0,agtr1_human___646
72.18207602339183,51.35689655172413,154.018,560.012,1.0,24.0,0.44,gnrhr_human___11417
69.06414117647061,45.73464285714287,-2.041,326.207,0.0,18.0,0.444,nk2r_human___2257
67.84111111111109,57.165217391304346,3.426,343.441,0.0,16.0,0.544,pacr_human___3643
71.44002645502648,61.48235294117646,245.628,296.845,0.0,10.0,0.202,ghsr_human___1579
71.52007082152976,56.77106194690265,115.32,909.745,0.0,70.0,0.388,galr2_human___3548
73.63946808510634,66.33052631578947,0.163,246.307,0.0,12.0,0.515,oprd_human___1623
71.90405913978496,65.95058823529412,0.283,186.465,0.0,10.0,0.808,ssr5_human___646
65.34693920335438,52.38703703703703,2388.484,2200.509,1.0,67.0,0.314,gpr39_human___1047
73.87948369565216,62.95399999999999,-0.245,67.084,0.0,5.0,0.615,mchr2_human___1152
73.98748587570618,42.82500000000001,-0.075,290.167,0.0,12.0,0.534,mchr2_human___2019
73.69626760563382,63.29615384615385,1903.821,286.047,0.0,11.0,0.225,ssr3_human___646
65.81793893129769,45.65705882352943,9.575,125.167,0.0,10.0,0.48,gasr_human___821
71.08833836858004,63.90971428571428,-1.603,505.336,0.0,22.0,0.504,mshr_human___2019
78.78521126760566,75.77720000000001,3327.705,753.008,0.0,48.0,0.055,gnrhr_human___2257
71.46103448275862,63.88875,-3.603,285.113,0.0,13.0,0.786,prlhr_human___1514
63.2934870848708,38.92153846153846,-0.038,32.068,0.0,10.0,0.0,nk3r_human___3640
78.33844868735088,62.78387096774193,148.577,306.73,0.0,20.0,0.143,trfr_human___3935
69.5597953216374,61.26705882352943,10.417,601.573,0.0,24.0,0.443,mc4r_human___2089
70.83355421686746,57.9775,304.077,438.921,0.0,19.0,0.341,gnrhr_human___1623
64.30573122529644,45.51646341463413,-0.893,905.029,0.0,57.0,0.552,v1ar_human___3646
65.9979797979798,50.09407407407407,0.068,143.891,0.0,2.0,0.005,v1ar_human___821
75.44163204747777,63.36718750000001,269.156,349.59,0.0,20.0,0.37,npbw1_human___644
67.38770573566083,50.616400000000006,35.137,1031.673,0.0,53.0,0.56,v2r_human___3592
70.62520107238606,41.24,0.0,0.0,0.0,0.0,0.0,ssr2_human___1623
78.48131506849312,76.22655172413792,-5.252,476.718,0.0,22.0,0.146,gnrhr_human___687
67.08289719626168,53.620000000000005,0.0,0.0,0.0,0.0,0.0,nmbr_human___921
68.79355176933164,52.5913043478261,1956.134,1746.404,0.0,70.0,0.246,fshr_human___4358
70.4302325581395,46.835,-0.05,61.039,0.0,6.0,0.0,oprx_human___1681
72.68920810313085,57.38,-0.013,69.663,0.0,7.0,0.815,npbw1_human___3700
78.38961456102784,72.65842105263158,5.339,238.865,0.0,13.0,0.588,sctr_human___2257
77.74535714285717,71.44537037037037,20026.945,1210.0,3.0,49.0,0.004,fpr3_human___3570
78.04248394004287,76.56846153846153,5.367,182.344,1.0,9.0,0.113,sctr_human___3643
63.18477124183008,39.68562500000001,-2.452,255.252,0.0,12.0,0.774,ednrb_human___1620
67.85051546391755,52.79364864864864,2845.749,1400.183,1.0,57.0,0.296,npbw1_human___3594
65.44136239782014,47.65565217391303,1007.767,1491.466,0.0,51.0,0.232,mrgx2_human___687
66.56671296296302,55.14578947368423,77.064,506.406,0.0,16.0,0.471,v1ar_human___2019
71.09539408866998,64.15888888888888,21.734,305.831,0.0,13.0,0.584,prlhr_human___1504
70.987092846271,62.511960784313736,16.771,432.67,0.0,38.0,0.305,mchr1_human___3570
66.11179487179486,51.61729729729729,134.265,771.597,0.0,28.0,0.431,nmur2_human___2019
65.04802784222738,54.57142857142857,0.235,91.386,0.0,12.0,0.465,v1br_human___1157
69.23000000000002,51.12692307692309,109.081,314.904,0.0,12.0,0.45,mrgx1_human___4058
70.99346625766871,57.63185185185185,442.117,491.32,1.0,19.0,0.369,mrgx1_human___1623
62.76680529300567,46.43736842105263,359.499,482.546,0.0,26.0,0.249,ednra_human___1867
67.98186046511631,54.98045454545456,,,,,,mrgx1_human___6067
78.6586902286903,61.5208,217.3,770.98,0.0,25.0,0.321,gpr39_human___1152
82.67910761154855,77.94214285714285,-0.659,159.647,0.0,10.0,0.405,oprd_human___644
65.35692671394807,60.25472727272731,2286.878,2323.948,1.0,85.0,0.285,trfr_human___1470
69.08111428571432,42.331,22.836,297.365,0.0,7.0,0.533,mrgx2_human___4057
67.6725904761905,43.629038461538464,-4.097,1001.045,0.0,40.0,0.217,bkrb2_human___2945
73.4747260273973,60.67291666666668,201.874,663.666,0.0,19.0,0.457,cckar_human___1283
67.9804735376045,,0.0,0.0,0.0,0.0,0.0,fshr_human___1495
70.91177985948485,62.63071428571427,576.46,1534.639,0.0,50.0,0.232,kissr_human___1136
72.43121052631584,60.22375,408.666,190.794,0.0,8.0,0.346,prlhr_human___613
66.74979357798165,55.679000000000016,280.634,1210.625,1.0,54.0,0.539,kissr_human___921
71.11380053908357,58.190454545454536,-1.423,364.865,0.0,15.0,0.205,agtr2_human___646
69.19121739130433,56.42727272727272,632.138,933.789,0.0,31.0,0.289,mc3r_human___6067
81.3050106157113,76.99392857142858,-0.487,264.089,0.0,17.0,0.173,kissr_human___812
61.42963235294114,41.92218749999999,2.774,1072.218,0.0,40.0,0.348,ednrb_human___1867
64.18800420168068,44.761585365853655,5605.89,2293.18,2.0,69.0,0.251,sctr_human___1790
74.503615819209,47.401875,0.014,6.148,0.0,9.0,0.0,mchr2_human___11417
67.71643939393942,,-0.012,14.935,0.0,2.0,0.0,galr2_human___1162
63.08847429519067,32.81285714285714,-0.39,93.98,0.0,11.0,0.562,rl3r1_human___2945
69.73492341356672,41.58684210526315,-4.01,391.634,0.0,13.0,0.572,gasr_human___613
66.63738425925928,44.07194444444445,59.468,599.381,0.0,29.0,0.459,mrgx2_human___1867
65.91434156378602,47.28473684210527,248.967,463.681,0.0,30.0,0.44,v1ar_human___758
71.23106508875735,52.638750000000016,4.176,329.968,0.0,11.0,0.524,mc5r_human___1320
76.70345454545459,61.0282142857143,-8.207,426.96,1.0,20.0,0.737,oprd_human___5654
70.97915730337076,49.914146341463415,1377.167,599.783,0.0,31.0,0.268,npbw2_human___1495
60.42117424242418,44.13105263157895,-0.665,265.882,0.0,9.0,0.33,pacr_human___3594
65.79019417475732,35.868709677419346,3.835,397.116,0.0,23.0,0.647,ur2r_human___1495
62.92958695652168,40.45191489361701,5281.239,885.472,0.0,36.0,-0.004,npff1_human___3592
73.56163440860209,56.7807894736842,995.912,590.466,1.0,33.0,0.145,cckar_human___687
62.536895161290296,59.22999999999999,2.01,76.72,0.0,8.0,0.845,rl3r1_human___3643
58.50378048780484,46.17736842105264,0.853,387.367,0.0,25.0,0.377,npff2_human___2945
68.86311224489799,46.47153846153847,189.542,285.842,0.0,20.0,0.414,grpr_human___1479
61.18378099173552,42.72,-0.543,179.839,0.0,16.0,0.158,nk3r_human___1298
71.32534930139715,57.64499999999998,281.095,733.464,0.0,48.0,0.382,qrfpr_human___808
73.5150969529086,53.755,0.022,9.416,0.0,4.0,0.0,fshr_human___3643
52.18019108280253,45.036,-1.811,455.658,0.0,17.0,0.571,gpr37_human___4058
62.81396396396388,38.16967741935484,-1.491,216.186,0.0,21.0,0.384,grpr_human___3594
66.18521739130438,49.701428571428565,-0.627,189.457,0.0,17.0,0.13,gasr_human___1504
71.85120906801009,61.095789473684206,-1.668,376.995,0.0,12.0,0.633,prlhr_human___2257
68.31719211822661,47.962608695652186,1790.597,444.037,0.0,20.0,0.028,ur2r_human___1681
70.76908860759494,66.74401639344264,2075.038,2569.146,0.0,86.0,0.248,agtr1_human___1790
67.20112107623322,51.7947619047619,-0.044,426.76,0.0,15.0,0.813,nmur1_human___4057
68.56309917355372,47.85592592592592,431.125,407.804,0.0,16.0,0.209,nk1r_human___821
51.94044094488193,42.0258064516129,36.409,894.361,0.0,32.0,0.355,gpr37_human___6067
66.43283372365337,,0.0,0.0,0.0,0.0,0.0,v1ar_human___2168
79.91851581508516,69.46368421052631,70.789,571.06,0.0,25.0,0.452,nmbr_human___3935
68.38933673469387,,1.202,582.122,0.0,24.0,0.291,ssr4_human___1623
65.73058962264143,46.059000000000005,35.961,281.543,0.0,9.0,0.525,nk2r_human___5895
67.79445273631836,47.73696969696969,1466.33,628.537,0.0,27.0,0.11,ssr2_human___1140
64.40642857142856,55.07901408450704,150.616,1248.679,0.0,54.0,0.303,mtlr_human___754
67.10615000000003,44.640322580645154,-0.025,45.93,0.0,7.0,0.0,mchr2_human___3594
73.96914712153513,65.29360000000001,419.0,347.9,0.0,19.0,0.215,sctr_human___1136
65.1223970037454,44.96333333333334,29.636,128.982,0.0,10.0,0.256,vipr1_human___3640
69.28992366412216,55.653333333333336,-0.598,112.979,1.0,6.0,0.637,sctr_human___3700
68.03723529411761,47.98581395348838,540.835,1107.33,0.0,30.0,0.504,mrgx1_human___3735
70.43893846153848,45.39333333333335,2371.799,734.503,0.0,38.0,0.035,nmur2_human___3570
69.06128571428575,52.93469387755103,565.923,817.947,0.0,41.0,0.295,mc3r_human___1997
70.61774774774767,55.9046875,15.801,595.69,0.0,21.0,0.4,mc3r_human___2089
56.532616372391686,41.77772727272728,-4.719,607.018,0.0,30.0,0.19,gp107_human___1495
68.99593137254902,44.515,294.004,383.932,0.0,8.0,0.078,ssr1_human___1620
75.40903508771927,66.51275862068965,138.665,313.127,1.0,19.0,0.32,ssr3_human___921
69.13134812286691,50.11,-0.775,177.253,0.0,4.0,0.086,npsr1_human___3700
66.44308695652175,,0.0,0.0,0.0,0.0,0.0,gasr_human___5654
71.81301843317979,58.4842857142857,70.829,554.827,0.0,31.0,0.42,ghsr_human___758
75.83995522388057,66.13862745098037,227.405,1643.98,0.0,74.0,0.362,fpr2_human___3548
67.85125412541252,61.720909090909096,-0.197,220.538,0.0,7.0,0.243,bkrb2_human___3700
71.56102564102568,65.14,-0.326,466.745,0.0,19.0,0.294,prlhr_human___3700
67.39635910224439,52.818333333333335,-0.15,54.75,0.0,2.0,0.0,galr2_human___11417
67.11004059539911,45.374,35.509,168.384,0.0,2.0,0.175,fshr_human___2270
69.61595907928394,49.827500000000015,294.825,535.45,0.0,26.0,0.341,ghsr_human___1470
66.83490610328639,47.622,-1.455,190.505,0.0,16.0,0.803,ssr4_human___921
72.40557863501482,47.752272727272725,1665.343,329.869,0.0,14.0,0.184,gnrhr_human___1162
67.52727146814408,,0.0,0.0,0.0,0.0,0.0,fshr_human___1997
72.5166946778712,54.34000000000002,1252.745,1049.433,0.0,43.0,0.364,npbw1_human___1136
65.17712328767126,59.9305,31.665,772.219,0.0,24.0,0.322,v1br_human___2019
68.44668737060043,52.94048780487806,-2.153,418.146,0.0,29.0,0.154,nk1r_human___771
62.99707983193278,49.35712643678162,800.984,1868.471,0.0,68.0,0.327,gpr39_human___5336
71.25517948717953,39.40833333333334,42.241,87.529,0.0,3.0,0.597,apj_human___613
84.13228650137732,67.25,-0.573,109.135,0.0,2.0,0.675,bkrb1_human___1283
58.93956651718986,32.04875,0.154,92.438,0.0,11.0,0.915,gp107_human___798
66.12979166666665,49.046486486486494,169.31,1137.29,1.0,47.0,0.244,oprd_human___3594
68.12055415617134,50.29642857142857,2.195,387.286,0.0,16.0,0.688,oprk_human___1620
70.72443627450977,,0.0,0.0,0.0,0.0,0.0,trfr_human___613
71.24659090909091,61.65916666666667,506.989,541.547,0.0,20.0,0.325,mc5r_human___2257
71.35277628032347,50.02173913043478,-0.087,127.082,0.0,16.0,0.0,ssr5_human___1157
73.80247011952193,63.149677419354845,341.842,949.858,0.0,47.0,0.245,nk3r_human___687
68.07346246973361,41.89512195121952,193.126,915.852,0.0,27.0,0.289,bkrb1_human___3594
71.67489637305701,68.55891666666665,2004.768,2452.54,3.0,83.0,0.23,agtr1_human___3643
70.75042606516287,67.06720930232558,82.259,881.524,0.0,29.0,0.395,prlhr_human___1136
69.74069053708443,50.13187499999998,545.742,635.925,0.0,33.0,0.366,v2r_human___1490
66.73659959758552,55.20315068493149,153.065,1095.203,0.0,54.0,0.392,cckar_human___798
69.65111650485439,46.097804878048784,60.609,805.439,0.0,35.0,0.419,kissr_human___11417
68.89117493472585,42.925,0.653,406.428,0.0,19.0,0.608,ssr5_human___1298
69.67798941798942,,0.0,0.0,0.0,0.0,0.0,ssr5_human___11417
63.0278231292517,46.129090909090905,5.879,316.145,0.0,15.0,0.523,mchr1_human___1298
73.89190615835778,53.336808510638285,435.229,541.285,0.0,31.0,0.283,agtr2_human___3548
73.62016129032259,63.613116883116895,2260.356,1492.867,0.0,57.0,0.338,agtr1_human___5654
69.27610526315793,49.208000000000006,-0.031,35.661,0.0,4.0,0.0,agtr2_human___1620
68.53985645933014,57.673437500000006,197.629,581.204,0.0,23.0,0.485,oprk_human___921
70.42652173913042,50.79461538461539,-2.389,240.43,0.0,9.0,0.663,mrgx2_human___4058
60.390275049115886,37.60555555555556,608.626,468.733,0.0,21.0,0.29,nk3r_human___2270
64.76362352941169,41.38,-0.054,27.615,0.0,3.0,0.0,mtlr_human___5654
66.91889961389964,55.542857142857166,199.764,1209.007,1.0,49.0,0.58,nmur1_human___754
68.61889434889434,46.71521739130435,8.389,271.927,0.0,18.0,0.215,npbw2_human___573
69.42268221574338,49.553333333333335,110.574,457.526,0.0,18.0,0.343,mrgx2_human___5654
70.79091695501732,56.91285714285715,6.526,143.109,0.0,7.0,0.81,agtr2_human___3700
70.36572944297083,58.42933333333334,-1.053,182.174,0.0,10.0,0.686,ssr5_human___5654
64.9679405034325,48.9884375,192.125,360.032,0.0,24.0,0.166,ntr2_human___1997
75.42186246418333,47.582307692307694,26.285,280.019,0.0,9.0,0.649,mchr2_human___1162
71.47105263157896,52.28609756097561,354.552,847.047,0.0,31.0,0.253,gnrhr_human___2019
69.51875598086123,66.31847222222224,183.487,1491.128,1.0,46.0,0.336,nk1r_human___2098
73.2675409836066,,0.0,0.0,0.0,0.0,0.0,agtr1_human___585
68.71968058968055,53.13818181818184,4.166,195.34,0.0,9.0,0.319,mrgx2_human___3640
65.79073863636374,48.18277777777777,400.343,443.982,0.0,22.0,0.352,nmur1_human___1867
72.5907349081365,62.52848484848485,185.303,656.082,0.0,23.0,0.304,fpr3_human___1152
69.89293814432989,48.96979166666667,551.457,752.675,0.0,34.0,0.292,fpr2_human___687
68.33264705882355,,-0.037,27.531,0.0,2.0,0.0,nk2r_human___2089
68.82202279202282,51.28035714285712,287.304,648.036,0.0,21.0,0.166,mc5r_human___5895
60.686027667984206,32.08307692307693,0.36,334.888,0.0,27.0,0.719,rl3r1_human___681
64.46103869653773,49.20638888888889,774.723,719.001,0.0,34.0,0.373,gasr_human___2270
64.7672352941177,48.77923076923079,56.871,297.548,0.0,16.0,0.681,ednrb_human___758
65.55489702517163,45.78655172413794,471.315,737.25,1.0,21.0,0.451,ssr3_human___1298
67.94364321608043,51.205,0.018,46.046,0.0,2.0,0.0,grpr_human___2019
63.79408791208789,50.91122448979593,32.549,937.352,1.0,36.0,0.339,v1ar_human___681
68.53281842818429,55.90761904761904,-0.07,435.295,0.0,17.0,0.512,mc5r_human___2270
69.91037356321844,52.19233333333332,224.392,450.073,0.0,20.0,0.367,mshr_human___1643
70.55420047732694,58.91583333333335,-1.435,373.423,0.0,18.0,0.425,oxyr_human___3592
70.04989690721648,40.302,86.113,121.432,0.0,4.0,0.454,npsr1_human___1681
74.78195906432747,66.88785714285714,212.354,401.184,0.0,18.0,0.571,npbw2_human___644
70.45387283236995,59.84555555555556,3.822,430.908,0.0,18.0,0.216,mshr_human___1136
66.29733924611979,,,,,,,gasr_human___861
